// Generated by tools/gen_unicode — do not edit.
// Unicode version: 16.0.0
// Generator: gen_unicode/__main__.py (sha256 94266d02c65ac13a)
//
// Included by src/tokenizer/unicode.cpp inside an anonymous
// namespace that defines CodepointRange, CccRange,
// DecompEntry, and CompEntry. Design:
// docs/design/model-loading.md §6.3.

// clang-format off
// NOLINTBEGIN(modernize-use-designated-initializers) —
// generated data rows; field names would triple the file.

constexpr CodepointRange kLetterRanges[] = {
    {0x41, 0x5A}, {0x61, 0x7A}, {0xAA, 0xAA}, {0xB5, 0xB5}, {0xBA, 0xBA},
    {0xC0, 0xD6}, {0xD8, 0xF6}, {0xF8, 0x2C1}, {0x2C6, 0x2D1}, {0x2E0, 0x2E4},
    {0x2EC, 0x2EC}, {0x2EE, 0x2EE}, {0x370, 0x374}, {0x376, 0x377},
    {0x37A, 0x37D}, {0x37F, 0x37F}, {0x386, 0x386}, {0x388, 0x38A},
    {0x38C, 0x38C}, {0x38E, 0x3A1}, {0x3A3, 0x3F5}, {0x3F7, 0x481},
    {0x48A, 0x52F}, {0x531, 0x556}, {0x559, 0x559}, {0x560, 0x588},
    {0x5D0, 0x5EA}, {0x5EF, 0x5F2}, {0x620, 0x64A}, {0x66E, 0x66F},
    {0x671, 0x6D3}, {0x6D5, 0x6D5}, {0x6E5, 0x6E6}, {0x6EE, 0x6EF},
    {0x6FA, 0x6FC}, {0x6FF, 0x6FF}, {0x710, 0x710}, {0x712, 0x72F},
    {0x74D, 0x7A5}, {0x7B1, 0x7B1}, {0x7CA, 0x7EA}, {0x7F4, 0x7F5},
    {0x7FA, 0x7FA}, {0x800, 0x815}, {0x81A, 0x81A}, {0x824, 0x824},
    {0x828, 0x828}, {0x840, 0x858}, {0x860, 0x86A}, {0x870, 0x887},
    {0x889, 0x88E}, {0x8A0, 0x8C9}, {0x904, 0x939}, {0x93D, 0x93D},
    {0x950, 0x950}, {0x958, 0x961}, {0x971, 0x980}, {0x985, 0x98C},
    {0x98F, 0x990}, {0x993, 0x9A8}, {0x9AA, 0x9B0}, {0x9B2, 0x9B2},
    {0x9B6, 0x9B9}, {0x9BD, 0x9BD}, {0x9CE, 0x9CE}, {0x9DC, 0x9DD},
    {0x9DF, 0x9E1}, {0x9F0, 0x9F1}, {0x9FC, 0x9FC}, {0xA05, 0xA0A},
    {0xA0F, 0xA10}, {0xA13, 0xA28}, {0xA2A, 0xA30}, {0xA32, 0xA33},
    {0xA35, 0xA36}, {0xA38, 0xA39}, {0xA59, 0xA5C}, {0xA5E, 0xA5E},
    {0xA72, 0xA74}, {0xA85, 0xA8D}, {0xA8F, 0xA91}, {0xA93, 0xAA8},
    {0xAAA, 0xAB0}, {0xAB2, 0xAB3}, {0xAB5, 0xAB9}, {0xABD, 0xABD},
    {0xAD0, 0xAD0}, {0xAE0, 0xAE1}, {0xAF9, 0xAF9}, {0xB05, 0xB0C},
    {0xB0F, 0xB10}, {0xB13, 0xB28}, {0xB2A, 0xB30}, {0xB32, 0xB33},
    {0xB35, 0xB39}, {0xB3D, 0xB3D}, {0xB5C, 0xB5D}, {0xB5F, 0xB61},
    {0xB71, 0xB71}, {0xB83, 0xB83}, {0xB85, 0xB8A}, {0xB8E, 0xB90},
    {0xB92, 0xB95}, {0xB99, 0xB9A}, {0xB9C, 0xB9C}, {0xB9E, 0xB9F},
    {0xBA3, 0xBA4}, {0xBA8, 0xBAA}, {0xBAE, 0xBB9}, {0xBD0, 0xBD0},
    {0xC05, 0xC0C}, {0xC0E, 0xC10}, {0xC12, 0xC28}, {0xC2A, 0xC39},
    {0xC3D, 0xC3D}, {0xC58, 0xC5A}, {0xC5D, 0xC5D}, {0xC60, 0xC61},
    {0xC80, 0xC80}, {0xC85, 0xC8C}, {0xC8E, 0xC90}, {0xC92, 0xCA8},
    {0xCAA, 0xCB3}, {0xCB5, 0xCB9}, {0xCBD, 0xCBD}, {0xCDD, 0xCDE},
    {0xCE0, 0xCE1}, {0xCF1, 0xCF2}, {0xD04, 0xD0C}, {0xD0E, 0xD10},
    {0xD12, 0xD3A}, {0xD3D, 0xD3D}, {0xD4E, 0xD4E}, {0xD54, 0xD56},
    {0xD5F, 0xD61}, {0xD7A, 0xD7F}, {0xD85, 0xD96}, {0xD9A, 0xDB1},
    {0xDB3, 0xDBB}, {0xDBD, 0xDBD}, {0xDC0, 0xDC6}, {0xE01, 0xE30},
    {0xE32, 0xE33}, {0xE40, 0xE46}, {0xE81, 0xE82}, {0xE84, 0xE84},
    {0xE86, 0xE8A}, {0xE8C, 0xEA3}, {0xEA5, 0xEA5}, {0xEA7, 0xEB0},
    {0xEB2, 0xEB3}, {0xEBD, 0xEBD}, {0xEC0, 0xEC4}, {0xEC6, 0xEC6},
    {0xEDC, 0xEDF}, {0xF00, 0xF00}, {0xF40, 0xF47}, {0xF49, 0xF6C},
    {0xF88, 0xF8C}, {0x1000, 0x102A}, {0x103F, 0x103F}, {0x1050, 0x1055},
    {0x105A, 0x105D}, {0x1061, 0x1061}, {0x1065, 0x1066}, {0x106E, 0x1070},
    {0x1075, 0x1081}, {0x108E, 0x108E}, {0x10A0, 0x10C5}, {0x10C7, 0x10C7},
    {0x10CD, 0x10CD}, {0x10D0, 0x10FA}, {0x10FC, 0x1248}, {0x124A, 0x124D},
    {0x1250, 0x1256}, {0x1258, 0x1258}, {0x125A, 0x125D}, {0x1260, 0x1288},
    {0x128A, 0x128D}, {0x1290, 0x12B0}, {0x12B2, 0x12B5}, {0x12B8, 0x12BE},
    {0x12C0, 0x12C0}, {0x12C2, 0x12C5}, {0x12C8, 0x12D6}, {0x12D8, 0x1310},
    {0x1312, 0x1315}, {0x1318, 0x135A}, {0x1380, 0x138F}, {0x13A0, 0x13F5},
    {0x13F8, 0x13FD}, {0x1401, 0x166C}, {0x166F, 0x167F}, {0x1681, 0x169A},
    {0x16A0, 0x16EA}, {0x16F1, 0x16F8}, {0x1700, 0x1711}, {0x171F, 0x1731},
    {0x1740, 0x1751}, {0x1760, 0x176C}, {0x176E, 0x1770}, {0x1780, 0x17B3},
    {0x17D7, 0x17D7}, {0x17DC, 0x17DC}, {0x1820, 0x1878}, {0x1880, 0x1884},
    {0x1887, 0x18A8}, {0x18AA, 0x18AA}, {0x18B0, 0x18F5}, {0x1900, 0x191E},
    {0x1950, 0x196D}, {0x1970, 0x1974}, {0x1980, 0x19AB}, {0x19B0, 0x19C9},
    {0x1A00, 0x1A16}, {0x1A20, 0x1A54}, {0x1AA7, 0x1AA7}, {0x1B05, 0x1B33},
    {0x1B45, 0x1B4C}, {0x1B83, 0x1BA0}, {0x1BAE, 0x1BAF}, {0x1BBA, 0x1BE5},
    {0x1C00, 0x1C23}, {0x1C4D, 0x1C4F}, {0x1C5A, 0x1C7D}, {0x1C80, 0x1C8A},
    {0x1C90, 0x1CBA}, {0x1CBD, 0x1CBF}, {0x1CE9, 0x1CEC}, {0x1CEE, 0x1CF3},
    {0x1CF5, 0x1CF6}, {0x1CFA, 0x1CFA}, {0x1D00, 0x1DBF}, {0x1E00, 0x1F15},
    {0x1F18, 0x1F1D}, {0x1F20, 0x1F45}, {0x1F48, 0x1F4D}, {0x1F50, 0x1F57},
    {0x1F59, 0x1F59}, {0x1F5B, 0x1F5B}, {0x1F5D, 0x1F5D}, {0x1F5F, 0x1F7D},
    {0x1F80, 0x1FB4}, {0x1FB6, 0x1FBC}, {0x1FBE, 0x1FBE}, {0x1FC2, 0x1FC4},
    {0x1FC6, 0x1FCC}, {0x1FD0, 0x1FD3}, {0x1FD6, 0x1FDB}, {0x1FE0, 0x1FEC},
    {0x1FF2, 0x1FF4}, {0x1FF6, 0x1FFC}, {0x2071, 0x2071}, {0x207F, 0x207F},
    {0x2090, 0x209C}, {0x2102, 0x2102}, {0x2107, 0x2107}, {0x210A, 0x2113},
    {0x2115, 0x2115}, {0x2119, 0x211D}, {0x2124, 0x2124}, {0x2126, 0x2126},
    {0x2128, 0x2128}, {0x212A, 0x212D}, {0x212F, 0x2139}, {0x213C, 0x213F},
    {0x2145, 0x2149}, {0x214E, 0x214E}, {0x2183, 0x2184}, {0x2C00, 0x2CE4},
    {0x2CEB, 0x2CEE}, {0x2CF2, 0x2CF3}, {0x2D00, 0x2D25}, {0x2D27, 0x2D27},
    {0x2D2D, 0x2D2D}, {0x2D30, 0x2D67}, {0x2D6F, 0x2D6F}, {0x2D80, 0x2D96},
    {0x2DA0, 0x2DA6}, {0x2DA8, 0x2DAE}, {0x2DB0, 0x2DB6}, {0x2DB8, 0x2DBE},
    {0x2DC0, 0x2DC6}, {0x2DC8, 0x2DCE}, {0x2DD0, 0x2DD6}, {0x2DD8, 0x2DDE},
    {0x2E2F, 0x2E2F}, {0x3005, 0x3006}, {0x3031, 0x3035}, {0x303B, 0x303C},
    {0x3041, 0x3096}, {0x309D, 0x309F}, {0x30A1, 0x30FA}, {0x30FC, 0x30FF},
    {0x3105, 0x312F}, {0x3131, 0x318E}, {0x31A0, 0x31BF}, {0x31F0, 0x31FF},
    {0x3400, 0x4DBF}, {0x4E00, 0xA48C}, {0xA4D0, 0xA4FD}, {0xA500, 0xA60C},
    {0xA610, 0xA61F}, {0xA62A, 0xA62B}, {0xA640, 0xA66E}, {0xA67F, 0xA69D},
    {0xA6A0, 0xA6E5}, {0xA717, 0xA71F}, {0xA722, 0xA788}, {0xA78B, 0xA7CD},
    {0xA7D0, 0xA7D1}, {0xA7D3, 0xA7D3}, {0xA7D5, 0xA7DC}, {0xA7F2, 0xA801},
    {0xA803, 0xA805}, {0xA807, 0xA80A}, {0xA80C, 0xA822}, {0xA840, 0xA873},
    {0xA882, 0xA8B3}, {0xA8F2, 0xA8F7}, {0xA8FB, 0xA8FB}, {0xA8FD, 0xA8FE},
    {0xA90A, 0xA925}, {0xA930, 0xA946}, {0xA960, 0xA97C}, {0xA984, 0xA9B2},
    {0xA9CF, 0xA9CF}, {0xA9E0, 0xA9E4}, {0xA9E6, 0xA9EF}, {0xA9FA, 0xA9FE},
    {0xAA00, 0xAA28}, {0xAA40, 0xAA42}, {0xAA44, 0xAA4B}, {0xAA60, 0xAA76},
    {0xAA7A, 0xAA7A}, {0xAA7E, 0xAAAF}, {0xAAB1, 0xAAB1}, {0xAAB5, 0xAAB6},
    {0xAAB9, 0xAABD}, {0xAAC0, 0xAAC0}, {0xAAC2, 0xAAC2}, {0xAADB, 0xAADD},
    {0xAAE0, 0xAAEA}, {0xAAF2, 0xAAF4}, {0xAB01, 0xAB06}, {0xAB09, 0xAB0E},
    {0xAB11, 0xAB16}, {0xAB20, 0xAB26}, {0xAB28, 0xAB2E}, {0xAB30, 0xAB5A},
    {0xAB5C, 0xAB69}, {0xAB70, 0xABE2}, {0xAC00, 0xD7A3}, {0xD7B0, 0xD7C6},
    {0xD7CB, 0xD7FB}, {0xF900, 0xFA6D}, {0xFA70, 0xFAD9}, {0xFB00, 0xFB06},
    {0xFB13, 0xFB17}, {0xFB1D, 0xFB1D}, {0xFB1F, 0xFB28}, {0xFB2A, 0xFB36},
    {0xFB38, 0xFB3C}, {0xFB3E, 0xFB3E}, {0xFB40, 0xFB41}, {0xFB43, 0xFB44},
    {0xFB46, 0xFBB1}, {0xFBD3, 0xFD3D}, {0xFD50, 0xFD8F}, {0xFD92, 0xFDC7},
    {0xFDF0, 0xFDFB}, {0xFE70, 0xFE74}, {0xFE76, 0xFEFC}, {0xFF21, 0xFF3A},
    {0xFF41, 0xFF5A}, {0xFF66, 0xFFBE}, {0xFFC2, 0xFFC7}, {0xFFCA, 0xFFCF},
    {0xFFD2, 0xFFD7}, {0xFFDA, 0xFFDC}, {0x10000, 0x1000B}, {0x1000D, 0x10026},
    {0x10028, 0x1003A}, {0x1003C, 0x1003D}, {0x1003F, 0x1004D},
    {0x10050, 0x1005D}, {0x10080, 0x100FA}, {0x10280, 0x1029C},
    {0x102A0, 0x102D0}, {0x10300, 0x1031F}, {0x1032D, 0x10340},
    {0x10342, 0x10349}, {0x10350, 0x10375}, {0x10380, 0x1039D},
    {0x103A0, 0x103C3}, {0x103C8, 0x103CF}, {0x10400, 0x1049D},
    {0x104B0, 0x104D3}, {0x104D8, 0x104FB}, {0x10500, 0x10527},
    {0x10530, 0x10563}, {0x10570, 0x1057A}, {0x1057C, 0x1058A},
    {0x1058C, 0x10592}, {0x10594, 0x10595}, {0x10597, 0x105A1},
    {0x105A3, 0x105B1}, {0x105B3, 0x105B9}, {0x105BB, 0x105BC},
    {0x105C0, 0x105F3}, {0x10600, 0x10736}, {0x10740, 0x10755},
    {0x10760, 0x10767}, {0x10780, 0x10785}, {0x10787, 0x107B0},
    {0x107B2, 0x107BA}, {0x10800, 0x10805}, {0x10808, 0x10808},
    {0x1080A, 0x10835}, {0x10837, 0x10838}, {0x1083C, 0x1083C},
    {0x1083F, 0x10855}, {0x10860, 0x10876}, {0x10880, 0x1089E},
    {0x108E0, 0x108F2}, {0x108F4, 0x108F5}, {0x10900, 0x10915},
    {0x10920, 0x10939}, {0x10980, 0x109B7}, {0x109BE, 0x109BF},
    {0x10A00, 0x10A00}, {0x10A10, 0x10A13}, {0x10A15, 0x10A17},
    {0x10A19, 0x10A35}, {0x10A60, 0x10A7C}, {0x10A80, 0x10A9C},
    {0x10AC0, 0x10AC7}, {0x10AC9, 0x10AE4}, {0x10B00, 0x10B35},
    {0x10B40, 0x10B55}, {0x10B60, 0x10B72}, {0x10B80, 0x10B91},
    {0x10C00, 0x10C48}, {0x10C80, 0x10CB2}, {0x10CC0, 0x10CF2},
    {0x10D00, 0x10D23}, {0x10D4A, 0x10D65}, {0x10D6F, 0x10D85},
    {0x10E80, 0x10EA9}, {0x10EB0, 0x10EB1}, {0x10EC2, 0x10EC4},
    {0x10F00, 0x10F1C}, {0x10F27, 0x10F27}, {0x10F30, 0x10F45},
    {0x10F70, 0x10F81}, {0x10FB0, 0x10FC4}, {0x10FE0, 0x10FF6},
    {0x11003, 0x11037}, {0x11071, 0x11072}, {0x11075, 0x11075},
    {0x11083, 0x110AF}, {0x110D0, 0x110E8}, {0x11103, 0x11126},
    {0x11144, 0x11144}, {0x11147, 0x11147}, {0x11150, 0x11172},
    {0x11176, 0x11176}, {0x11183, 0x111B2}, {0x111C1, 0x111C4},
    {0x111DA, 0x111DA}, {0x111DC, 0x111DC}, {0x11200, 0x11211},
    {0x11213, 0x1122B}, {0x1123F, 0x11240}, {0x11280, 0x11286},
    {0x11288, 0x11288}, {0x1128A, 0x1128D}, {0x1128F, 0x1129D},
    {0x1129F, 0x112A8}, {0x112B0, 0x112DE}, {0x11305, 0x1130C},
    {0x1130F, 0x11310}, {0x11313, 0x11328}, {0x1132A, 0x11330},
    {0x11332, 0x11333}, {0x11335, 0x11339}, {0x1133D, 0x1133D},
    {0x11350, 0x11350}, {0x1135D, 0x11361}, {0x11380, 0x11389},
    {0x1138B, 0x1138B}, {0x1138E, 0x1138E}, {0x11390, 0x113B5},
    {0x113B7, 0x113B7}, {0x113D1, 0x113D1}, {0x113D3, 0x113D3},
    {0x11400, 0x11434}, {0x11447, 0x1144A}, {0x1145F, 0x11461},
    {0x11480, 0x114AF}, {0x114C4, 0x114C5}, {0x114C7, 0x114C7},
    {0x11580, 0x115AE}, {0x115D8, 0x115DB}, {0x11600, 0x1162F},
    {0x11644, 0x11644}, {0x11680, 0x116AA}, {0x116B8, 0x116B8},
    {0x11700, 0x1171A}, {0x11740, 0x11746}, {0x11800, 0x1182B},
    {0x118A0, 0x118DF}, {0x118FF, 0x11906}, {0x11909, 0x11909},
    {0x1190C, 0x11913}, {0x11915, 0x11916}, {0x11918, 0x1192F},
    {0x1193F, 0x1193F}, {0x11941, 0x11941}, {0x119A0, 0x119A7},
    {0x119AA, 0x119D0}, {0x119E1, 0x119E1}, {0x119E3, 0x119E3},
    {0x11A00, 0x11A00}, {0x11A0B, 0x11A32}, {0x11A3A, 0x11A3A},
    {0x11A50, 0x11A50}, {0x11A5C, 0x11A89}, {0x11A9D, 0x11A9D},
    {0x11AB0, 0x11AF8}, {0x11BC0, 0x11BE0}, {0x11C00, 0x11C08},
    {0x11C0A, 0x11C2E}, {0x11C40, 0x11C40}, {0x11C72, 0x11C8F},
    {0x11D00, 0x11D06}, {0x11D08, 0x11D09}, {0x11D0B, 0x11D30},
    {0x11D46, 0x11D46}, {0x11D60, 0x11D65}, {0x11D67, 0x11D68},
    {0x11D6A, 0x11D89}, {0x11D98, 0x11D98}, {0x11EE0, 0x11EF2},
    {0x11F02, 0x11F02}, {0x11F04, 0x11F10}, {0x11F12, 0x11F33},
    {0x11FB0, 0x11FB0}, {0x12000, 0x12399}, {0x12480, 0x12543},
    {0x12F90, 0x12FF0}, {0x13000, 0x1342F}, {0x13441, 0x13446},
    {0x13460, 0x143FA}, {0x14400, 0x14646}, {0x16100, 0x1611D},
    {0x16800, 0x16A38}, {0x16A40, 0x16A5E}, {0x16A70, 0x16ABE},
    {0x16AD0, 0x16AED}, {0x16B00, 0x16B2F}, {0x16B40, 0x16B43},
    {0x16B63, 0x16B77}, {0x16B7D, 0x16B8F}, {0x16D40, 0x16D6C},
    {0x16E40, 0x16E7F}, {0x16F00, 0x16F4A}, {0x16F50, 0x16F50},
    {0x16F93, 0x16F9F}, {0x16FE0, 0x16FE1}, {0x16FE3, 0x16FE3},
    {0x17000, 0x187F7}, {0x18800, 0x18CD5}, {0x18CFF, 0x18D08},
    {0x1AFF0, 0x1AFF3}, {0x1AFF5, 0x1AFFB}, {0x1AFFD, 0x1AFFE},
    {0x1B000, 0x1B122}, {0x1B132, 0x1B132}, {0x1B150, 0x1B152},
    {0x1B155, 0x1B155}, {0x1B164, 0x1B167}, {0x1B170, 0x1B2FB},
    {0x1BC00, 0x1BC6A}, {0x1BC70, 0x1BC7C}, {0x1BC80, 0x1BC88},
    {0x1BC90, 0x1BC99}, {0x1D400, 0x1D454}, {0x1D456, 0x1D49C},
    {0x1D49E, 0x1D49F}, {0x1D4A2, 0x1D4A2}, {0x1D4A5, 0x1D4A6},
    {0x1D4A9, 0x1D4AC}, {0x1D4AE, 0x1D4B9}, {0x1D4BB, 0x1D4BB},
    {0x1D4BD, 0x1D4C3}, {0x1D4C5, 0x1D505}, {0x1D507, 0x1D50A},
    {0x1D50D, 0x1D514}, {0x1D516, 0x1D51C}, {0x1D51E, 0x1D539},
    {0x1D53B, 0x1D53E}, {0x1D540, 0x1D544}, {0x1D546, 0x1D546},
    {0x1D54A, 0x1D550}, {0x1D552, 0x1D6A5}, {0x1D6A8, 0x1D6C0},
    {0x1D6C2, 0x1D6DA}, {0x1D6DC, 0x1D6FA}, {0x1D6FC, 0x1D714},
    {0x1D716, 0x1D734}, {0x1D736, 0x1D74E}, {0x1D750, 0x1D76E},
    {0x1D770, 0x1D788}, {0x1D78A, 0x1D7A8}, {0x1D7AA, 0x1D7C2},
    {0x1D7C4, 0x1D7CB}, {0x1DF00, 0x1DF1E}, {0x1DF25, 0x1DF2A},
    {0x1E030, 0x1E06D}, {0x1E100, 0x1E12C}, {0x1E137, 0x1E13D},
    {0x1E14E, 0x1E14E}, {0x1E290, 0x1E2AD}, {0x1E2C0, 0x1E2EB},
    {0x1E4D0, 0x1E4EB}, {0x1E5D0, 0x1E5ED}, {0x1E5F0, 0x1E5F0},
    {0x1E7E0, 0x1E7E6}, {0x1E7E8, 0x1E7EB}, {0x1E7ED, 0x1E7EE},
    {0x1E7F0, 0x1E7FE}, {0x1E800, 0x1E8C4}, {0x1E900, 0x1E943},
    {0x1E94B, 0x1E94B}, {0x1EE00, 0x1EE03}, {0x1EE05, 0x1EE1F},
    {0x1EE21, 0x1EE22}, {0x1EE24, 0x1EE24}, {0x1EE27, 0x1EE27},
    {0x1EE29, 0x1EE32}, {0x1EE34, 0x1EE37}, {0x1EE39, 0x1EE39},
    {0x1EE3B, 0x1EE3B}, {0x1EE42, 0x1EE42}, {0x1EE47, 0x1EE47},
    {0x1EE49, 0x1EE49}, {0x1EE4B, 0x1EE4B}, {0x1EE4D, 0x1EE4F},
    {0x1EE51, 0x1EE52}, {0x1EE54, 0x1EE54}, {0x1EE57, 0x1EE57},
    {0x1EE59, 0x1EE59}, {0x1EE5B, 0x1EE5B}, {0x1EE5D, 0x1EE5D},
    {0x1EE5F, 0x1EE5F}, {0x1EE61, 0x1EE62}, {0x1EE64, 0x1EE64},
    {0x1EE67, 0x1EE6A}, {0x1EE6C, 0x1EE72}, {0x1EE74, 0x1EE77},
    {0x1EE79, 0x1EE7C}, {0x1EE7E, 0x1EE7E}, {0x1EE80, 0x1EE89},
    {0x1EE8B, 0x1EE9B}, {0x1EEA1, 0x1EEA3}, {0x1EEA5, 0x1EEA9},
    {0x1EEAB, 0x1EEBB}, {0x20000, 0x2A6DF}, {0x2A700, 0x2B739},
    {0x2B740, 0x2B81D}, {0x2B820, 0x2CEA1}, {0x2CEB0, 0x2EBE0},
    {0x2EBF0, 0x2EE5D}, {0x2F800, 0x2FA1D}, {0x30000, 0x3134A},
    {0x31350, 0x323AF},
};

constexpr CodepointRange kNumberRanges[] = {
    {0x30, 0x39}, {0xB2, 0xB3}, {0xB9, 0xB9}, {0xBC, 0xBE}, {0x660, 0x669},
    {0x6F0, 0x6F9}, {0x7C0, 0x7C9}, {0x966, 0x96F}, {0x9E6, 0x9EF},
    {0x9F4, 0x9F9}, {0xA66, 0xA6F}, {0xAE6, 0xAEF}, {0xB66, 0xB6F},
    {0xB72, 0xB77}, {0xBE6, 0xBF2}, {0xC66, 0xC6F}, {0xC78, 0xC7E},
    {0xCE6, 0xCEF}, {0xD58, 0xD5E}, {0xD66, 0xD78}, {0xDE6, 0xDEF},
    {0xE50, 0xE59}, {0xED0, 0xED9}, {0xF20, 0xF33}, {0x1040, 0x1049},
    {0x1090, 0x1099}, {0x1369, 0x137C}, {0x16EE, 0x16F0}, {0x17E0, 0x17E9},
    {0x17F0, 0x17F9}, {0x1810, 0x1819}, {0x1946, 0x194F}, {0x19D0, 0x19DA},
    {0x1A80, 0x1A89}, {0x1A90, 0x1A99}, {0x1B50, 0x1B59}, {0x1BB0, 0x1BB9},
    {0x1C40, 0x1C49}, {0x1C50, 0x1C59}, {0x2070, 0x2070}, {0x2074, 0x2079},
    {0x2080, 0x2089}, {0x2150, 0x2182}, {0x2185, 0x2189}, {0x2460, 0x249B},
    {0x24EA, 0x24FF}, {0x2776, 0x2793}, {0x2CFD, 0x2CFD}, {0x3007, 0x3007},
    {0x3021, 0x3029}, {0x3038, 0x303A}, {0x3192, 0x3195}, {0x3220, 0x3229},
    {0x3248, 0x324F}, {0x3251, 0x325F}, {0x3280, 0x3289}, {0x32B1, 0x32BF},
    {0xA620, 0xA629}, {0xA6E6, 0xA6EF}, {0xA830, 0xA835}, {0xA8D0, 0xA8D9},
    {0xA900, 0xA909}, {0xA9D0, 0xA9D9}, {0xA9F0, 0xA9F9}, {0xAA50, 0xAA59},
    {0xABF0, 0xABF9}, {0xFF10, 0xFF19}, {0x10107, 0x10133}, {0x10140, 0x10178},
    {0x1018A, 0x1018B}, {0x102E1, 0x102FB}, {0x10320, 0x10323},
    {0x10341, 0x10341}, {0x1034A, 0x1034A}, {0x103D1, 0x103D5},
    {0x104A0, 0x104A9}, {0x10858, 0x1085F}, {0x10879, 0x1087F},
    {0x108A7, 0x108AF}, {0x108FB, 0x108FF}, {0x10916, 0x1091B},
    {0x109BC, 0x109BD}, {0x109C0, 0x109CF}, {0x109D2, 0x109FF},
    {0x10A40, 0x10A48}, {0x10A7D, 0x10A7E}, {0x10A9D, 0x10A9F},
    {0x10AEB, 0x10AEF}, {0x10B58, 0x10B5F}, {0x10B78, 0x10B7F},
    {0x10BA9, 0x10BAF}, {0x10CFA, 0x10CFF}, {0x10D30, 0x10D39},
    {0x10D40, 0x10D49}, {0x10E60, 0x10E7E}, {0x10F1D, 0x10F26},
    {0x10F51, 0x10F54}, {0x10FC5, 0x10FCB}, {0x11052, 0x1106F},
    {0x110F0, 0x110F9}, {0x11136, 0x1113F}, {0x111D0, 0x111D9},
    {0x111E1, 0x111F4}, {0x112F0, 0x112F9}, {0x11450, 0x11459},
    {0x114D0, 0x114D9}, {0x11650, 0x11659}, {0x116C0, 0x116C9},
    {0x116D0, 0x116E3}, {0x11730, 0x1173B}, {0x118E0, 0x118F2},
    {0x11950, 0x11959}, {0x11BF0, 0x11BF9}, {0x11C50, 0x11C6C},
    {0x11D50, 0x11D59}, {0x11DA0, 0x11DA9}, {0x11F50, 0x11F59},
    {0x11FC0, 0x11FD4}, {0x12400, 0x1246E}, {0x16130, 0x16139},
    {0x16A60, 0x16A69}, {0x16AC0, 0x16AC9}, {0x16B50, 0x16B59},
    {0x16B5B, 0x16B61}, {0x16D70, 0x16D79}, {0x16E80, 0x16E96},
    {0x1CCF0, 0x1CCF9}, {0x1D2C0, 0x1D2D3}, {0x1D2E0, 0x1D2F3},
    {0x1D360, 0x1D378}, {0x1D7CE, 0x1D7FF}, {0x1E140, 0x1E149},
    {0x1E2F0, 0x1E2F9}, {0x1E4F0, 0x1E4F9}, {0x1E5F1, 0x1E5FA},
    {0x1E8C7, 0x1E8CF}, {0x1E950, 0x1E959}, {0x1EC71, 0x1ECAB},
    {0x1ECAD, 0x1ECAF}, {0x1ECB1, 0x1ECB4}, {0x1ED01, 0x1ED2D},
    {0x1ED2F, 0x1ED3D}, {0x1F100, 0x1F10C}, {0x1FBF0, 0x1FBF9},
};

constexpr CodepointRange kWhitespaceRanges[] = {
    {0x9, 0xD}, {0x20, 0x20}, {0x85, 0x85}, {0xA0, 0xA0}, {0x1680, 0x1680},
    {0x2000, 0x200A}, {0x2028, 0x2029}, {0x202F, 0x202F}, {0x205F, 0x205F},
    {0x3000, 0x3000},
};

constexpr CodepointRange kNfcNoOrMaybeRanges[] = {
    {0x300, 0x304}, {0x306, 0x30C}, {0x30F, 0x30F}, {0x311, 0x311},
    {0x313, 0x314}, {0x31B, 0x31B}, {0x323, 0x328}, {0x32D, 0x32E},
    {0x330, 0x331}, {0x338, 0x338}, {0x340, 0x345}, {0x374, 0x374},
    {0x37E, 0x37E}, {0x387, 0x387}, {0x653, 0x655}, {0x93C, 0x93C},
    {0x958, 0x95F}, {0x9BE, 0x9BE}, {0x9D7, 0x9D7}, {0x9DC, 0x9DD},
    {0x9DF, 0x9DF}, {0xA33, 0xA33}, {0xA36, 0xA36}, {0xA59, 0xA5B},
    {0xA5E, 0xA5E}, {0xB3E, 0xB3E}, {0xB56, 0xB57}, {0xB5C, 0xB5D},
    {0xBBE, 0xBBE}, {0xBD7, 0xBD7}, {0xC56, 0xC56}, {0xCC2, 0xCC2},
    {0xCD5, 0xCD6}, {0xD3E, 0xD3E}, {0xD57, 0xD57}, {0xDCA, 0xDCA},
    {0xDCF, 0xDCF}, {0xDDF, 0xDDF}, {0xF43, 0xF43}, {0xF4D, 0xF4D},
    {0xF52, 0xF52}, {0xF57, 0xF57}, {0xF5C, 0xF5C}, {0xF69, 0xF69},
    {0xF73, 0xF73}, {0xF75, 0xF76}, {0xF78, 0xF78}, {0xF81, 0xF81},
    {0xF93, 0xF93}, {0xF9D, 0xF9D}, {0xFA2, 0xFA2}, {0xFA7, 0xFA7},
    {0xFAC, 0xFAC}, {0xFB9, 0xFB9}, {0x102E, 0x102E}, {0x1161, 0x1175},
    {0x11A8, 0x11C2}, {0x1B35, 0x1B35}, {0x1F71, 0x1F71}, {0x1F73, 0x1F73},
    {0x1F75, 0x1F75}, {0x1F77, 0x1F77}, {0x1F79, 0x1F79}, {0x1F7B, 0x1F7B},
    {0x1F7D, 0x1F7D}, {0x1FBB, 0x1FBB}, {0x1FBE, 0x1FBE}, {0x1FC9, 0x1FC9},
    {0x1FCB, 0x1FCB}, {0x1FD3, 0x1FD3}, {0x1FDB, 0x1FDB}, {0x1FE3, 0x1FE3},
    {0x1FEB, 0x1FEB}, {0x1FEE, 0x1FEF}, {0x1FF9, 0x1FF9}, {0x1FFB, 0x1FFB},
    {0x1FFD, 0x1FFD}, {0x2000, 0x2001}, {0x2126, 0x2126}, {0x212A, 0x212B},
    {0x2329, 0x232A}, {0x2ADC, 0x2ADC}, {0x3099, 0x309A}, {0xF900, 0xFA0D},
    {0xFA10, 0xFA10}, {0xFA12, 0xFA12}, {0xFA15, 0xFA1E}, {0xFA20, 0xFA20},
    {0xFA22, 0xFA22}, {0xFA25, 0xFA26}, {0xFA2A, 0xFA6D}, {0xFA70, 0xFAD9},
    {0xFB1D, 0xFB1D}, {0xFB1F, 0xFB1F}, {0xFB2A, 0xFB36}, {0xFB38, 0xFB3C},
    {0xFB3E, 0xFB3E}, {0xFB40, 0xFB41}, {0xFB43, 0xFB44}, {0xFB46, 0xFB4E},
    {0x110BA, 0x110BA}, {0x11127, 0x11127}, {0x1133E, 0x1133E},
    {0x11357, 0x11357}, {0x113B8, 0x113B8}, {0x113BB, 0x113BB},
    {0x113C2, 0x113C2}, {0x113C5, 0x113C5}, {0x113C7, 0x113C9},
    {0x114B0, 0x114B0}, {0x114BA, 0x114BA}, {0x114BD, 0x114BD},
    {0x115AF, 0x115AF}, {0x11930, 0x11930}, {0x1611E, 0x16129},
    {0x16D67, 0x16D68}, {0x1D15E, 0x1D164}, {0x1D1BB, 0x1D1C0},
    {0x2F800, 0x2FA1D},
};

constexpr CccRange kCccRanges[] = {
    {0x300, 0x314, 230}, {0x315, 0x315, 232}, {0x316, 0x319, 220},
    {0x31A, 0x31A, 232}, {0x31B, 0x31B, 216}, {0x31C, 0x320, 220},
    {0x321, 0x322, 202}, {0x323, 0x326, 220}, {0x327, 0x328, 202},
    {0x329, 0x333, 220}, {0x334, 0x338, 1}, {0x339, 0x33C, 220},
    {0x33D, 0x344, 230}, {0x345, 0x345, 240}, {0x346, 0x346, 230},
    {0x347, 0x349, 220}, {0x34A, 0x34C, 230}, {0x34D, 0x34E, 220},
    {0x350, 0x352, 230}, {0x353, 0x356, 220}, {0x357, 0x357, 230},
    {0x358, 0x358, 232}, {0x359, 0x35A, 220}, {0x35B, 0x35B, 230},
    {0x35C, 0x35C, 233}, {0x35D, 0x35E, 234}, {0x35F, 0x35F, 233},
    {0x360, 0x361, 234}, {0x362, 0x362, 233}, {0x363, 0x36F, 230},
    {0x483, 0x487, 230}, {0x591, 0x591, 220}, {0x592, 0x595, 230},
    {0x596, 0x596, 220}, {0x597, 0x599, 230}, {0x59A, 0x59A, 222},
    {0x59B, 0x59B, 220}, {0x59C, 0x5A1, 230}, {0x5A2, 0x5A7, 220},
    {0x5A8, 0x5A9, 230}, {0x5AA, 0x5AA, 220}, {0x5AB, 0x5AC, 230},
    {0x5AD, 0x5AD, 222}, {0x5AE, 0x5AE, 228}, {0x5AF, 0x5AF, 230},
    {0x5B0, 0x5B0, 10}, {0x5B1, 0x5B1, 11}, {0x5B2, 0x5B2, 12},
    {0x5B3, 0x5B3, 13}, {0x5B4, 0x5B4, 14}, {0x5B5, 0x5B5, 15},
    {0x5B6, 0x5B6, 16}, {0x5B7, 0x5B7, 17}, {0x5B8, 0x5B8, 18},
    {0x5B9, 0x5BA, 19}, {0x5BB, 0x5BB, 20}, {0x5BC, 0x5BC, 21},
    {0x5BD, 0x5BD, 22}, {0x5BF, 0x5BF, 23}, {0x5C1, 0x5C1, 24},
    {0x5C2, 0x5C2, 25}, {0x5C4, 0x5C4, 230}, {0x5C5, 0x5C5, 220},
    {0x5C7, 0x5C7, 18}, {0x610, 0x617, 230}, {0x618, 0x618, 30},
    {0x619, 0x619, 31}, {0x61A, 0x61A, 32}, {0x64B, 0x64B, 27},
    {0x64C, 0x64C, 28}, {0x64D, 0x64D, 29}, {0x64E, 0x64E, 30},
    {0x64F, 0x64F, 31}, {0x650, 0x650, 32}, {0x651, 0x651, 33},
    {0x652, 0x652, 34}, {0x653, 0x654, 230}, {0x655, 0x656, 220},
    {0x657, 0x65B, 230}, {0x65C, 0x65C, 220}, {0x65D, 0x65E, 230},
    {0x65F, 0x65F, 220}, {0x670, 0x670, 35}, {0x6D6, 0x6DC, 230},
    {0x6DF, 0x6E2, 230}, {0x6E3, 0x6E3, 220}, {0x6E4, 0x6E4, 230},
    {0x6E7, 0x6E8, 230}, {0x6EA, 0x6EA, 220}, {0x6EB, 0x6EC, 230},
    {0x6ED, 0x6ED, 220}, {0x711, 0x711, 36}, {0x730, 0x730, 230},
    {0x731, 0x731, 220}, {0x732, 0x733, 230}, {0x734, 0x734, 220},
    {0x735, 0x736, 230}, {0x737, 0x739, 220}, {0x73A, 0x73A, 230},
    {0x73B, 0x73C, 220}, {0x73D, 0x73D, 230}, {0x73E, 0x73E, 220},
    {0x73F, 0x741, 230}, {0x742, 0x742, 220}, {0x743, 0x743, 230},
    {0x744, 0x744, 220}, {0x745, 0x745, 230}, {0x746, 0x746, 220},
    {0x747, 0x747, 230}, {0x748, 0x748, 220}, {0x749, 0x74A, 230},
    {0x7EB, 0x7F1, 230}, {0x7F2, 0x7F2, 220}, {0x7F3, 0x7F3, 230},
    {0x7FD, 0x7FD, 220}, {0x816, 0x819, 230}, {0x81B, 0x823, 230},
    {0x825, 0x827, 230}, {0x829, 0x82D, 230}, {0x859, 0x85B, 220},
    {0x897, 0x898, 230}, {0x899, 0x89B, 220}, {0x89C, 0x89F, 230},
    {0x8CA, 0x8CE, 230}, {0x8CF, 0x8D3, 220}, {0x8D4, 0x8E1, 230},
    {0x8E3, 0x8E3, 220}, {0x8E4, 0x8E5, 230}, {0x8E6, 0x8E6, 220},
    {0x8E7, 0x8E8, 230}, {0x8E9, 0x8E9, 220}, {0x8EA, 0x8EC, 230},
    {0x8ED, 0x8EF, 220}, {0x8F0, 0x8F0, 27}, {0x8F1, 0x8F1, 28},
    {0x8F2, 0x8F2, 29}, {0x8F3, 0x8F5, 230}, {0x8F6, 0x8F6, 220},
    {0x8F7, 0x8F8, 230}, {0x8F9, 0x8FA, 220}, {0x8FB, 0x8FF, 230},
    {0x93C, 0x93C, 7}, {0x94D, 0x94D, 9}, {0x951, 0x951, 230},
    {0x952, 0x952, 220}, {0x953, 0x954, 230}, {0x9BC, 0x9BC, 7},
    {0x9CD, 0x9CD, 9}, {0x9FE, 0x9FE, 230}, {0xA3C, 0xA3C, 7},
    {0xA4D, 0xA4D, 9}, {0xABC, 0xABC, 7}, {0xACD, 0xACD, 9}, {0xB3C, 0xB3C, 7},
    {0xB4D, 0xB4D, 9}, {0xBCD, 0xBCD, 9}, {0xC3C, 0xC3C, 7}, {0xC4D, 0xC4D, 9},
    {0xC55, 0xC55, 84}, {0xC56, 0xC56, 91}, {0xCBC, 0xCBC, 7},
    {0xCCD, 0xCCD, 9}, {0xD3B, 0xD3C, 9}, {0xD4D, 0xD4D, 9}, {0xDCA, 0xDCA, 9},
    {0xE38, 0xE39, 103}, {0xE3A, 0xE3A, 9}, {0xE48, 0xE4B, 107},
    {0xEB8, 0xEB9, 118}, {0xEBA, 0xEBA, 9}, {0xEC8, 0xECB, 122},
    {0xF18, 0xF19, 220}, {0xF35, 0xF35, 220}, {0xF37, 0xF37, 220},
    {0xF39, 0xF39, 216}, {0xF71, 0xF71, 129}, {0xF72, 0xF72, 130},
    {0xF74, 0xF74, 132}, {0xF7A, 0xF7D, 130}, {0xF80, 0xF80, 130},
    {0xF82, 0xF83, 230}, {0xF84, 0xF84, 9}, {0xF86, 0xF87, 230},
    {0xFC6, 0xFC6, 220}, {0x1037, 0x1037, 7}, {0x1039, 0x103A, 9},
    {0x108D, 0x108D, 220}, {0x135D, 0x135F, 230}, {0x1714, 0x1715, 9},
    {0x1734, 0x1734, 9}, {0x17D2, 0x17D2, 9}, {0x17DD, 0x17DD, 230},
    {0x18A9, 0x18A9, 228}, {0x1939, 0x1939, 222}, {0x193A, 0x193A, 230},
    {0x193B, 0x193B, 220}, {0x1A17, 0x1A17, 230}, {0x1A18, 0x1A18, 220},
    {0x1A60, 0x1A60, 9}, {0x1A75, 0x1A7C, 230}, {0x1A7F, 0x1A7F, 220},
    {0x1AB0, 0x1AB4, 230}, {0x1AB5, 0x1ABA, 220}, {0x1ABB, 0x1ABC, 230},
    {0x1ABD, 0x1ABD, 220}, {0x1ABF, 0x1AC0, 220}, {0x1AC1, 0x1AC2, 230},
    {0x1AC3, 0x1AC4, 220}, {0x1AC5, 0x1AC9, 230}, {0x1ACA, 0x1ACA, 220},
    {0x1ACB, 0x1ACE, 230}, {0x1B34, 0x1B34, 7}, {0x1B44, 0x1B44, 9},
    {0x1B6B, 0x1B6B, 230}, {0x1B6C, 0x1B6C, 220}, {0x1B6D, 0x1B73, 230},
    {0x1BAA, 0x1BAB, 9}, {0x1BE6, 0x1BE6, 7}, {0x1BF2, 0x1BF3, 9},
    {0x1C37, 0x1C37, 7}, {0x1CD0, 0x1CD2, 230}, {0x1CD4, 0x1CD4, 1},
    {0x1CD5, 0x1CD9, 220}, {0x1CDA, 0x1CDB, 230}, {0x1CDC, 0x1CDF, 220},
    {0x1CE0, 0x1CE0, 230}, {0x1CE2, 0x1CE8, 1}, {0x1CED, 0x1CED, 220},
    {0x1CF4, 0x1CF4, 230}, {0x1CF8, 0x1CF9, 230}, {0x1DC0, 0x1DC1, 230},
    {0x1DC2, 0x1DC2, 220}, {0x1DC3, 0x1DC9, 230}, {0x1DCA, 0x1DCA, 220},
    {0x1DCB, 0x1DCC, 230}, {0x1DCD, 0x1DCD, 234}, {0x1DCE, 0x1DCE, 214},
    {0x1DCF, 0x1DCF, 220}, {0x1DD0, 0x1DD0, 202}, {0x1DD1, 0x1DF5, 230},
    {0x1DF6, 0x1DF6, 232}, {0x1DF7, 0x1DF8, 228}, {0x1DF9, 0x1DF9, 220},
    {0x1DFA, 0x1DFA, 218}, {0x1DFB, 0x1DFB, 230}, {0x1DFC, 0x1DFC, 233},
    {0x1DFD, 0x1DFD, 220}, {0x1DFE, 0x1DFE, 230}, {0x1DFF, 0x1DFF, 220},
    {0x20D0, 0x20D1, 230}, {0x20D2, 0x20D3, 1}, {0x20D4, 0x20D7, 230},
    {0x20D8, 0x20DA, 1}, {0x20DB, 0x20DC, 230}, {0x20E1, 0x20E1, 230},
    {0x20E5, 0x20E6, 1}, {0x20E7, 0x20E7, 230}, {0x20E8, 0x20E8, 220},
    {0x20E9, 0x20E9, 230}, {0x20EA, 0x20EB, 1}, {0x20EC, 0x20EF, 220},
    {0x20F0, 0x20F0, 230}, {0x2CEF, 0x2CF1, 230}, {0x2D7F, 0x2D7F, 9},
    {0x2DE0, 0x2DFF, 230}, {0x302A, 0x302A, 218}, {0x302B, 0x302B, 228},
    {0x302C, 0x302C, 232}, {0x302D, 0x302D, 222}, {0x302E, 0x302F, 224},
    {0x3099, 0x309A, 8}, {0xA66F, 0xA66F, 230}, {0xA674, 0xA67D, 230},
    {0xA69E, 0xA69F, 230}, {0xA6F0, 0xA6F1, 230}, {0xA806, 0xA806, 9},
    {0xA82C, 0xA82C, 9}, {0xA8C4, 0xA8C4, 9}, {0xA8E0, 0xA8F1, 230},
    {0xA92B, 0xA92D, 220}, {0xA953, 0xA953, 9}, {0xA9B3, 0xA9B3, 7},
    {0xA9C0, 0xA9C0, 9}, {0xAAB0, 0xAAB0, 230}, {0xAAB2, 0xAAB3, 230},
    {0xAAB4, 0xAAB4, 220}, {0xAAB7, 0xAAB8, 230}, {0xAABE, 0xAABF, 230},
    {0xAAC1, 0xAAC1, 230}, {0xAAF6, 0xAAF6, 9}, {0xABED, 0xABED, 9},
    {0xFB1E, 0xFB1E, 26}, {0xFE20, 0xFE26, 230}, {0xFE27, 0xFE2D, 220},
    {0xFE2E, 0xFE2F, 230}, {0x101FD, 0x101FD, 220}, {0x102E0, 0x102E0, 220},
    {0x10376, 0x1037A, 230}, {0x10A0D, 0x10A0D, 220}, {0x10A0F, 0x10A0F, 230},
    {0x10A38, 0x10A38, 230}, {0x10A39, 0x10A39, 1}, {0x10A3A, 0x10A3A, 220},
    {0x10A3F, 0x10A3F, 9}, {0x10AE5, 0x10AE5, 230}, {0x10AE6, 0x10AE6, 220},
    {0x10D24, 0x10D27, 230}, {0x10D69, 0x10D6D, 230}, {0x10EAB, 0x10EAC, 230},
    {0x10EFD, 0x10EFF, 220}, {0x10F46, 0x10F47, 220}, {0x10F48, 0x10F4A, 230},
    {0x10F4B, 0x10F4B, 220}, {0x10F4C, 0x10F4C, 230}, {0x10F4D, 0x10F50, 220},
    {0x10F82, 0x10F82, 230}, {0x10F83, 0x10F83, 220}, {0x10F84, 0x10F84, 230},
    {0x10F85, 0x10F85, 220}, {0x11046, 0x11046, 9}, {0x11070, 0x11070, 9},
    {0x1107F, 0x1107F, 9}, {0x110B9, 0x110B9, 9}, {0x110BA, 0x110BA, 7},
    {0x11100, 0x11102, 230}, {0x11133, 0x11134, 9}, {0x11173, 0x11173, 7},
    {0x111C0, 0x111C0, 9}, {0x111CA, 0x111CA, 7}, {0x11235, 0x11235, 9},
    {0x11236, 0x11236, 7}, {0x112E9, 0x112E9, 7}, {0x112EA, 0x112EA, 9},
    {0x1133B, 0x1133C, 7}, {0x1134D, 0x1134D, 9}, {0x11366, 0x1136C, 230},
    {0x11370, 0x11374, 230}, {0x113CE, 0x113D0, 9}, {0x11442, 0x11442, 9},
    {0x11446, 0x11446, 7}, {0x1145E, 0x1145E, 230}, {0x114C2, 0x114C2, 9},
    {0x114C3, 0x114C3, 7}, {0x115BF, 0x115BF, 9}, {0x115C0, 0x115C0, 7},
    {0x1163F, 0x1163F, 9}, {0x116B6, 0x116B6, 9}, {0x116B7, 0x116B7, 7},
    {0x1172B, 0x1172B, 9}, {0x11839, 0x11839, 9}, {0x1183A, 0x1183A, 7},
    {0x1193D, 0x1193E, 9}, {0x11943, 0x11943, 7}, {0x119E0, 0x119E0, 9},
    {0x11A34, 0x11A34, 9}, {0x11A47, 0x11A47, 9}, {0x11A99, 0x11A99, 9},
    {0x11C3F, 0x11C3F, 9}, {0x11D42, 0x11D42, 7}, {0x11D44, 0x11D45, 9},
    {0x11D97, 0x11D97, 9}, {0x11F41, 0x11F42, 9}, {0x1612F, 0x1612F, 9},
    {0x16AF0, 0x16AF4, 1}, {0x16B30, 0x16B36, 230}, {0x16FF0, 0x16FF1, 6},
    {0x1BC9E, 0x1BC9E, 1}, {0x1D165, 0x1D166, 216}, {0x1D167, 0x1D169, 1},
    {0x1D16D, 0x1D16D, 226}, {0x1D16E, 0x1D172, 216}, {0x1D17B, 0x1D182, 220},
    {0x1D185, 0x1D189, 230}, {0x1D18A, 0x1D18B, 220}, {0x1D1AA, 0x1D1AD, 230},
    {0x1D242, 0x1D244, 230}, {0x1E000, 0x1E006, 230}, {0x1E008, 0x1E018, 230},
    {0x1E01B, 0x1E021, 230}, {0x1E023, 0x1E024, 230}, {0x1E026, 0x1E02A, 230},
    {0x1E08F, 0x1E08F, 230}, {0x1E130, 0x1E136, 230}, {0x1E2AE, 0x1E2AE, 230},
    {0x1E2EC, 0x1E2EF, 230}, {0x1E4EC, 0x1E4ED, 232}, {0x1E4EE, 0x1E4EE, 220},
    {0x1E4EF, 0x1E4EF, 230}, {0x1E5EE, 0x1E5EE, 230}, {0x1E5EF, 0x1E5EF, 220},
    {0x1E8D0, 0x1E8D6, 220}, {0x1E944, 0x1E949, 230}, {0x1E94A, 0x1E94A, 7},
};

constexpr char32_t kDecompPool[] = {
    0x41, 0x300, 0x41, 0x301, 0x41, 0x302, 0x41, 0x303, 0x41, 0x308, 0x41,
    0x30A, 0x43, 0x327, 0x45, 0x300, 0x45, 0x301, 0x45, 0x302, 0x45, 0x308,
    0x49, 0x300, 0x49, 0x301, 0x49, 0x302, 0x49, 0x308, 0x4E, 0x303, 0x4F,
    0x300, 0x4F, 0x301, 0x4F, 0x302, 0x4F, 0x303, 0x4F, 0x308, 0x55, 0x300,
    0x55, 0x301, 0x55, 0x302, 0x55, 0x308, 0x59, 0x301, 0x61, 0x300, 0x61,
    0x301, 0x61, 0x302, 0x61, 0x303, 0x61, 0x308, 0x61, 0x30A, 0x63, 0x327,
    0x65, 0x300, 0x65, 0x301, 0x65, 0x302, 0x65, 0x308, 0x69, 0x300, 0x69,
    0x301, 0x69, 0x302, 0x69, 0x308, 0x6E, 0x303, 0x6F, 0x300, 0x6F, 0x301,
    0x6F, 0x302, 0x6F, 0x303, 0x6F, 0x308, 0x75, 0x300, 0x75, 0x301, 0x75,
    0x302, 0x75, 0x308, 0x79, 0x301, 0x79, 0x308, 0x41, 0x304, 0x61, 0x304,
    0x41, 0x306, 0x61, 0x306, 0x41, 0x328, 0x61, 0x328, 0x43, 0x301, 0x63,
    0x301, 0x43, 0x302, 0x63, 0x302, 0x43, 0x307, 0x63, 0x307, 0x43, 0x30C,
    0x63, 0x30C, 0x44, 0x30C, 0x64, 0x30C, 0x45, 0x304, 0x65, 0x304, 0x45,
    0x306, 0x65, 0x306, 0x45, 0x307, 0x65, 0x307, 0x45, 0x328, 0x65, 0x328,
    0x45, 0x30C, 0x65, 0x30C, 0x47, 0x302, 0x67, 0x302, 0x47, 0x306, 0x67,
    0x306, 0x47, 0x307, 0x67, 0x307, 0x47, 0x327, 0x67, 0x327, 0x48, 0x302,
    0x68, 0x302, 0x49, 0x303, 0x69, 0x303, 0x49, 0x304, 0x69, 0x304, 0x49,
    0x306, 0x69, 0x306, 0x49, 0x328, 0x69, 0x328, 0x49, 0x307, 0x4A, 0x302,
    0x6A, 0x302, 0x4B, 0x327, 0x6B, 0x327, 0x4C, 0x301, 0x6C, 0x301, 0x4C,
    0x327, 0x6C, 0x327, 0x4C, 0x30C, 0x6C, 0x30C, 0x4E, 0x301, 0x6E, 0x301,
    0x4E, 0x327, 0x6E, 0x327, 0x4E, 0x30C, 0x6E, 0x30C, 0x4F, 0x304, 0x6F,
    0x304, 0x4F, 0x306, 0x6F, 0x306, 0x4F, 0x30B, 0x6F, 0x30B, 0x52, 0x301,
    0x72, 0x301, 0x52, 0x327, 0x72, 0x327, 0x52, 0x30C, 0x72, 0x30C, 0x53,
    0x301, 0x73, 0x301, 0x53, 0x302, 0x73, 0x302, 0x53, 0x327, 0x73, 0x327,
    0x53, 0x30C, 0x73, 0x30C, 0x54, 0x327, 0x74, 0x327, 0x54, 0x30C, 0x74,
    0x30C, 0x55, 0x303, 0x75, 0x303, 0x55, 0x304, 0x75, 0x304, 0x55, 0x306,
    0x75, 0x306, 0x55, 0x30A, 0x75, 0x30A, 0x55, 0x30B, 0x75, 0x30B, 0x55,
    0x328, 0x75, 0x328, 0x57, 0x302, 0x77, 0x302, 0x59, 0x302, 0x79, 0x302,
    0x59, 0x308, 0x5A, 0x301, 0x7A, 0x301, 0x5A, 0x307, 0x7A, 0x307, 0x5A,
    0x30C, 0x7A, 0x30C, 0x4F, 0x31B, 0x6F, 0x31B, 0x55, 0x31B, 0x75, 0x31B,
    0x41, 0x30C, 0x61, 0x30C, 0x49, 0x30C, 0x69, 0x30C, 0x4F, 0x30C, 0x6F,
    0x30C, 0x55, 0x30C, 0x75, 0x30C, 0x55, 0x308, 0x304, 0x75, 0x308, 0x304,
    0x55, 0x308, 0x301, 0x75, 0x308, 0x301, 0x55, 0x308, 0x30C, 0x75, 0x308,
    0x30C, 0x55, 0x308, 0x300, 0x75, 0x308, 0x300, 0x41, 0x308, 0x304, 0x61,
    0x308, 0x304, 0x41, 0x307, 0x304, 0x61, 0x307, 0x304, 0xC6, 0x304, 0xE6,
    0x304, 0x47, 0x30C, 0x67, 0x30C, 0x4B, 0x30C, 0x6B, 0x30C, 0x4F, 0x328,
    0x6F, 0x328, 0x4F, 0x328, 0x304, 0x6F, 0x328, 0x304, 0x1B7, 0x30C, 0x292,
    0x30C, 0x6A, 0x30C, 0x47, 0x301, 0x67, 0x301, 0x4E, 0x300, 0x6E, 0x300,
    0x41, 0x30A, 0x301, 0x61, 0x30A, 0x301, 0xC6, 0x301, 0xE6, 0x301, 0xD8,
    0x301, 0xF8, 0x301, 0x41, 0x30F, 0x61, 0x30F, 0x41, 0x311, 0x61, 0x311,
    0x45, 0x30F, 0x65, 0x30F, 0x45, 0x311, 0x65, 0x311, 0x49, 0x30F, 0x69,
    0x30F, 0x49, 0x311, 0x69, 0x311, 0x4F, 0x30F, 0x6F, 0x30F, 0x4F, 0x311,
    0x6F, 0x311, 0x52, 0x30F, 0x72, 0x30F, 0x52, 0x311, 0x72, 0x311, 0x55,
    0x30F, 0x75, 0x30F, 0x55, 0x311, 0x75, 0x311, 0x53, 0x326, 0x73, 0x326,
    0x54, 0x326, 0x74, 0x326, 0x48, 0x30C, 0x68, 0x30C, 0x41, 0x307, 0x61,
    0x307, 0x45, 0x327, 0x65, 0x327, 0x4F, 0x308, 0x304, 0x6F, 0x308, 0x304,
    0x4F, 0x303, 0x304, 0x6F, 0x303, 0x304, 0x4F, 0x307, 0x6F, 0x307, 0x4F,
    0x307, 0x304, 0x6F, 0x307, 0x304, 0x59, 0x304, 0x79, 0x304, 0x300, 0x301,
    0x313, 0x308, 0x301, 0x2B9, 0x3B, 0xA8, 0x301, 0x391, 0x301, 0xB7, 0x395,
    0x301, 0x397, 0x301, 0x399, 0x301, 0x39F, 0x301, 0x3A5, 0x301, 0x3A9, 0x301,
    0x3B9, 0x308, 0x301, 0x399, 0x308, 0x3A5, 0x308, 0x3B1, 0x301, 0x3B5, 0x301,
    0x3B7, 0x301, 0x3B9, 0x301, 0x3C5, 0x308, 0x301, 0x3B9, 0x308, 0x3C5, 0x308,
    0x3BF, 0x301, 0x3C5, 0x301, 0x3C9, 0x301, 0x3D2, 0x301, 0x3D2, 0x308, 0x415,
    0x300, 0x415, 0x308, 0x413, 0x301, 0x406, 0x308, 0x41A, 0x301, 0x418, 0x300,
    0x423, 0x306, 0x418, 0x306, 0x438, 0x306, 0x435, 0x300, 0x435, 0x308, 0x433,
    0x301, 0x456, 0x308, 0x43A, 0x301, 0x438, 0x300, 0x443, 0x306, 0x474, 0x30F,
    0x475, 0x30F, 0x416, 0x306, 0x436, 0x306, 0x410, 0x306, 0x430, 0x306, 0x410,
    0x308, 0x430, 0x308, 0x415, 0x306, 0x435, 0x306, 0x4D8, 0x308, 0x4D9, 0x308,
    0x416, 0x308, 0x436, 0x308, 0x417, 0x308, 0x437, 0x308, 0x418, 0x304, 0x438,
    0x304, 0x418, 0x308, 0x438, 0x308, 0x41E, 0x308, 0x43E, 0x308, 0x4E8, 0x308,
    0x4E9, 0x308, 0x42D, 0x308, 0x44D, 0x308, 0x423, 0x304, 0x443, 0x304, 0x423,
    0x308, 0x443, 0x308, 0x423, 0x30B, 0x443, 0x30B, 0x427, 0x308, 0x447, 0x308,
    0x42B, 0x308, 0x44B, 0x308, 0x627, 0x653, 0x627, 0x654, 0x648, 0x654, 0x627,
    0x655, 0x64A, 0x654, 0x6D5, 0x654, 0x6C1, 0x654, 0x6D2, 0x654, 0x928, 0x93C,
    0x930, 0x93C, 0x933, 0x93C, 0x915, 0x93C, 0x916, 0x93C, 0x917, 0x93C, 0x91C,
    0x93C, 0x921, 0x93C, 0x922, 0x93C, 0x92B, 0x93C, 0x92F, 0x93C, 0x9C7, 0x9BE,
    0x9C7, 0x9D7, 0x9A1, 0x9BC, 0x9A2, 0x9BC, 0x9AF, 0x9BC, 0xA32, 0xA3C, 0xA38,
    0xA3C, 0xA16, 0xA3C, 0xA17, 0xA3C, 0xA1C, 0xA3C, 0xA2B, 0xA3C, 0xB47, 0xB56,
    0xB47, 0xB3E, 0xB47, 0xB57, 0xB21, 0xB3C, 0xB22, 0xB3C, 0xB92, 0xBD7, 0xBC6,
    0xBBE, 0xBC7, 0xBBE, 0xBC6, 0xBD7, 0xC46, 0xC56, 0xCBF, 0xCD5, 0xCC6, 0xCD5,
    0xCC6, 0xCD6, 0xCC6, 0xCC2, 0xCC6, 0xCC2, 0xCD5, 0xD46, 0xD3E, 0xD47, 0xD3E,
    0xD46, 0xD57, 0xDD9, 0xDCA, 0xDD9, 0xDCF, 0xDD9, 0xDCF, 0xDCA, 0xDD9, 0xDDF,
    0xF42, 0xFB7, 0xF4C, 0xFB7, 0xF51, 0xFB7, 0xF56, 0xFB7, 0xF5B, 0xFB7, 0xF40,
    0xFB5, 0xF71, 0xF72, 0xF71, 0xF74, 0xFB2, 0xF80, 0xFB3, 0xF80, 0xF71, 0xF80,
    0xF92, 0xFB7, 0xF9C, 0xFB7, 0xFA1, 0xFB7, 0xFA6, 0xFB7, 0xFAB, 0xFB7, 0xF90,
    0xFB5, 0x1025, 0x102E, 0x1B05, 0x1B35, 0x1B07, 0x1B35, 0x1B09, 0x1B35,
    0x1B0B, 0x1B35, 0x1B0D, 0x1B35, 0x1B11, 0x1B35, 0x1B3A, 0x1B35, 0x1B3C,
    0x1B35, 0x1B3E, 0x1B35, 0x1B3F, 0x1B35, 0x1B42, 0x1B35, 0x41, 0x325, 0x61,
    0x325, 0x42, 0x307, 0x62, 0x307, 0x42, 0x323, 0x62, 0x323, 0x42, 0x331,
    0x62, 0x331, 0x43, 0x327, 0x301, 0x63, 0x327, 0x301, 0x44, 0x307, 0x64,
    0x307, 0x44, 0x323, 0x64, 0x323, 0x44, 0x331, 0x64, 0x331, 0x44, 0x327,
    0x64, 0x327, 0x44, 0x32D, 0x64, 0x32D, 0x45, 0x304, 0x300, 0x65, 0x304,
    0x300, 0x45, 0x304, 0x301, 0x65, 0x304, 0x301, 0x45, 0x32D, 0x65, 0x32D,
    0x45, 0x330, 0x65, 0x330, 0x45, 0x327, 0x306, 0x65, 0x327, 0x306, 0x46,
    0x307, 0x66, 0x307, 0x47, 0x304, 0x67, 0x304, 0x48, 0x307, 0x68, 0x307,
    0x48, 0x323, 0x68, 0x323, 0x48, 0x308, 0x68, 0x308, 0x48, 0x327, 0x68,
    0x327, 0x48, 0x32E, 0x68, 0x32E, 0x49, 0x330, 0x69, 0x330, 0x49, 0x308,
    0x301, 0x69, 0x308, 0x301, 0x4B, 0x301, 0x6B, 0x301, 0x4B, 0x323, 0x6B,
    0x323, 0x4B, 0x331, 0x6B, 0x331, 0x4C, 0x323, 0x6C, 0x323, 0x4C, 0x323,
    0x304, 0x6C, 0x323, 0x304, 0x4C, 0x331, 0x6C, 0x331, 0x4C, 0x32D, 0x6C,
    0x32D, 0x4D, 0x301, 0x6D, 0x301, 0x4D, 0x307, 0x6D, 0x307, 0x4D, 0x323,
    0x6D, 0x323, 0x4E, 0x307, 0x6E, 0x307, 0x4E, 0x323, 0x6E, 0x323, 0x4E,
    0x331, 0x6E, 0x331, 0x4E, 0x32D, 0x6E, 0x32D, 0x4F, 0x303, 0x301, 0x6F,
    0x303, 0x301, 0x4F, 0x303, 0x308, 0x6F, 0x303, 0x308, 0x4F, 0x304, 0x300,
    0x6F, 0x304, 0x300, 0x4F, 0x304, 0x301, 0x6F, 0x304, 0x301, 0x50, 0x301,
    0x70, 0x301, 0x50, 0x307, 0x70, 0x307, 0x52, 0x307, 0x72, 0x307, 0x52,
    0x323, 0x72, 0x323, 0x52, 0x323, 0x304, 0x72, 0x323, 0x304, 0x52, 0x331,
    0x72, 0x331, 0x53, 0x307, 0x73, 0x307, 0x53, 0x323, 0x73, 0x323, 0x53,
    0x301, 0x307, 0x73, 0x301, 0x307, 0x53, 0x30C, 0x307, 0x73, 0x30C, 0x307,
    0x53, 0x323, 0x307, 0x73, 0x323, 0x307, 0x54, 0x307, 0x74, 0x307, 0x54,
    0x323, 0x74, 0x323, 0x54, 0x331, 0x74, 0x331, 0x54, 0x32D, 0x74, 0x32D,
    0x55, 0x324, 0x75, 0x324, 0x55, 0x330, 0x75, 0x330, 0x55, 0x32D, 0x75,
    0x32D, 0x55, 0x303, 0x301, 0x75, 0x303, 0x301, 0x55, 0x304, 0x308, 0x75,
    0x304, 0x308, 0x56, 0x303, 0x76, 0x303, 0x56, 0x323, 0x76, 0x323, 0x57,
    0x300, 0x77, 0x300, 0x57, 0x301, 0x77, 0x301, 0x57, 0x308, 0x77, 0x308,
    0x57, 0x307, 0x77, 0x307, 0x57, 0x323, 0x77, 0x323, 0x58, 0x307, 0x78,
    0x307, 0x58, 0x308, 0x78, 0x308, 0x59, 0x307, 0x79, 0x307, 0x5A, 0x302,
    0x7A, 0x302, 0x5A, 0x323, 0x7A, 0x323, 0x5A, 0x331, 0x7A, 0x331, 0x68,
    0x331, 0x74, 0x308, 0x77, 0x30A, 0x79, 0x30A, 0x17F, 0x307, 0x41, 0x323,
    0x61, 0x323, 0x41, 0x309, 0x61, 0x309, 0x41, 0x302, 0x301, 0x61, 0x302,
    0x301, 0x41, 0x302, 0x300, 0x61, 0x302, 0x300, 0x41, 0x302, 0x309, 0x61,
    0x302, 0x309, 0x41, 0x302, 0x303, 0x61, 0x302, 0x303, 0x41, 0x323, 0x302,
    0x61, 0x323, 0x302, 0x41, 0x306, 0x301, 0x61, 0x306, 0x301, 0x41, 0x306,
    0x300, 0x61, 0x306, 0x300, 0x41, 0x306, 0x309, 0x61, 0x306, 0x309, 0x41,
    0x306, 0x303, 0x61, 0x306, 0x303, 0x41, 0x323, 0x306, 0x61, 0x323, 0x306,
    0x45, 0x323, 0x65, 0x323, 0x45, 0x309, 0x65, 0x309, 0x45, 0x303, 0x65,
    0x303, 0x45, 0x302, 0x301, 0x65, 0x302, 0x301, 0x45, 0x302, 0x300, 0x65,
    0x302, 0x300, 0x45, 0x302, 0x309, 0x65, 0x302, 0x309, 0x45, 0x302, 0x303,
    0x65, 0x302, 0x303, 0x45, 0x323, 0x302, 0x65, 0x323, 0x302, 0x49, 0x309,
    0x69, 0x309, 0x49, 0x323, 0x69, 0x323, 0x4F, 0x323, 0x6F, 0x323, 0x4F,
    0x309, 0x6F, 0x309, 0x4F, 0x302, 0x301, 0x6F, 0x302, 0x301, 0x4F, 0x302,
    0x300, 0x6F, 0x302, 0x300, 0x4F, 0x302, 0x309, 0x6F, 0x302, 0x309, 0x4F,
    0x302, 0x303, 0x6F, 0x302, 0x303, 0x4F, 0x323, 0x302, 0x6F, 0x323, 0x302,
    0x4F, 0x31B, 0x301, 0x6F, 0x31B, 0x301, 0x4F, 0x31B, 0x300, 0x6F, 0x31B,
    0x300, 0x4F, 0x31B, 0x309, 0x6F, 0x31B, 0x309, 0x4F, 0x31B, 0x303, 0x6F,
    0x31B, 0x303, 0x4F, 0x31B, 0x323, 0x6F, 0x31B, 0x323, 0x55, 0x323, 0x75,
    0x323, 0x55, 0x309, 0x75, 0x309, 0x55, 0x31B, 0x301, 0x75, 0x31B, 0x301,
    0x55, 0x31B, 0x300, 0x75, 0x31B, 0x300, 0x55, 0x31B, 0x309, 0x75, 0x31B,
    0x309, 0x55, 0x31B, 0x303, 0x75, 0x31B, 0x303, 0x55, 0x31B, 0x323, 0x75,
    0x31B, 0x323, 0x59, 0x300, 0x79, 0x300, 0x59, 0x323, 0x79, 0x323, 0x59,
    0x309, 0x79, 0x309, 0x59, 0x303, 0x79, 0x303, 0x3B1, 0x313, 0x3B1, 0x314,
    0x3B1, 0x313, 0x300, 0x3B1, 0x314, 0x300, 0x3B1, 0x313, 0x301, 0x3B1, 0x314,
    0x301, 0x3B1, 0x313, 0x342, 0x3B1, 0x314, 0x342, 0x391, 0x313, 0x391, 0x314,
    0x391, 0x313, 0x300, 0x391, 0x314, 0x300, 0x391, 0x313, 0x301, 0x391, 0x314,
    0x301, 0x391, 0x313, 0x342, 0x391, 0x314, 0x342, 0x3B5, 0x313, 0x3B5, 0x314,
    0x3B5, 0x313, 0x300, 0x3B5, 0x314, 0x300, 0x3B5, 0x313, 0x301, 0x3B5, 0x314,
    0x301, 0x395, 0x313, 0x395, 0x314, 0x395, 0x313, 0x300, 0x395, 0x314, 0x300,
    0x395, 0x313, 0x301, 0x395, 0x314, 0x301, 0x3B7, 0x313, 0x3B7, 0x314, 0x3B7,
    0x313, 0x300, 0x3B7, 0x314, 0x300, 0x3B7, 0x313, 0x301, 0x3B7, 0x314, 0x301,
    0x3B7, 0x313, 0x342, 0x3B7, 0x314, 0x342, 0x397, 0x313, 0x397, 0x314, 0x397,
    0x313, 0x300, 0x397, 0x314, 0x300, 0x397, 0x313, 0x301, 0x397, 0x314, 0x301,
    0x397, 0x313, 0x342, 0x397, 0x314, 0x342, 0x3B9, 0x313, 0x3B9, 0x314, 0x3B9,
    0x313, 0x300, 0x3B9, 0x314, 0x300, 0x3B9, 0x313, 0x301, 0x3B9, 0x314, 0x301,
    0x3B9, 0x313, 0x342, 0x3B9, 0x314, 0x342, 0x399, 0x313, 0x399, 0x314, 0x399,
    0x313, 0x300, 0x399, 0x314, 0x300, 0x399, 0x313, 0x301, 0x399, 0x314, 0x301,
    0x399, 0x313, 0x342, 0x399, 0x314, 0x342, 0x3BF, 0x313, 0x3BF, 0x314, 0x3BF,
    0x313, 0x300, 0x3BF, 0x314, 0x300, 0x3BF, 0x313, 0x301, 0x3BF, 0x314, 0x301,
    0x39F, 0x313, 0x39F, 0x314, 0x39F, 0x313, 0x300, 0x39F, 0x314, 0x300, 0x39F,
    0x313, 0x301, 0x39F, 0x314, 0x301, 0x3C5, 0x313, 0x3C5, 0x314, 0x3C5, 0x313,
    0x300, 0x3C5, 0x314, 0x300, 0x3C5, 0x313, 0x301, 0x3C5, 0x314, 0x301, 0x3C5,
    0x313, 0x342, 0x3C5, 0x314, 0x342, 0x3A5, 0x314, 0x3A5, 0x314, 0x300, 0x3A5,
    0x314, 0x301, 0x3A5, 0x314, 0x342, 0x3C9, 0x313, 0x3C9, 0x314, 0x3C9, 0x313,
    0x300, 0x3C9, 0x314, 0x300, 0x3C9, 0x313, 0x301, 0x3C9, 0x314, 0x301, 0x3C9,
    0x313, 0x342, 0x3C9, 0x314, 0x342, 0x3A9, 0x313, 0x3A9, 0x314, 0x3A9, 0x313,
    0x300, 0x3A9, 0x314, 0x300, 0x3A9, 0x313, 0x301, 0x3A9, 0x314, 0x301, 0x3A9,
    0x313, 0x342, 0x3A9, 0x314, 0x342, 0x3B1, 0x300, 0x3B5, 0x300, 0x3B7, 0x300,
    0x3B9, 0x300, 0x3BF, 0x300, 0x3C5, 0x300, 0x3C9, 0x300, 0x3B1, 0x313, 0x345,
    0x3B1, 0x314, 0x345, 0x3B1, 0x313, 0x300, 0x345, 0x3B1, 0x314, 0x300, 0x345,
    0x3B1, 0x313, 0x301, 0x345, 0x3B1, 0x314, 0x301, 0x345, 0x3B1, 0x313, 0x342,
    0x345, 0x3B1, 0x314, 0x342, 0x345, 0x391, 0x313, 0x345, 0x391, 0x314, 0x345,
    0x391, 0x313, 0x300, 0x345, 0x391, 0x314, 0x300, 0x345, 0x391, 0x313, 0x301,
    0x345, 0x391, 0x314, 0x301, 0x345, 0x391, 0x313, 0x342, 0x345, 0x391, 0x314,
    0x342, 0x345, 0x3B7, 0x313, 0x345, 0x3B7, 0x314, 0x345, 0x3B7, 0x313, 0x300,
    0x345, 0x3B7, 0x314, 0x300, 0x345, 0x3B7, 0x313, 0x301, 0x345, 0x3B7, 0x314,
    0x301, 0x345, 0x3B7, 0x313, 0x342, 0x345, 0x3B7, 0x314, 0x342, 0x345, 0x397,
    0x313, 0x345, 0x397, 0x314, 0x345, 0x397, 0x313, 0x300, 0x345, 0x397, 0x314,
    0x300, 0x345, 0x397, 0x313, 0x301, 0x345, 0x397, 0x314, 0x301, 0x345, 0x397,
    0x313, 0x342, 0x345, 0x397, 0x314, 0x342, 0x345, 0x3C9, 0x313, 0x345, 0x3C9,
    0x314, 0x345, 0x3C9, 0x313, 0x300, 0x345, 0x3C9, 0x314, 0x300, 0x345, 0x3C9,
    0x313, 0x301, 0x345, 0x3C9, 0x314, 0x301, 0x345, 0x3C9, 0x313, 0x342, 0x345,
    0x3C9, 0x314, 0x342, 0x345, 0x3A9, 0x313, 0x345, 0x3A9, 0x314, 0x345, 0x3A9,
    0x313, 0x300, 0x345, 0x3A9, 0x314, 0x300, 0x345, 0x3A9, 0x313, 0x301, 0x345,
    0x3A9, 0x314, 0x301, 0x345, 0x3A9, 0x313, 0x342, 0x345, 0x3A9, 0x314, 0x342,
    0x345, 0x3B1, 0x306, 0x3B1, 0x304, 0x3B1, 0x300, 0x345, 0x3B1, 0x345, 0x3B1,
    0x301, 0x345, 0x3B1, 0x342, 0x3B1, 0x342, 0x345, 0x391, 0x306, 0x391, 0x304,
    0x391, 0x300, 0x391, 0x345, 0x3B9, 0xA8, 0x342, 0x3B7, 0x300, 0x345, 0x3B7,
    0x345, 0x3B7, 0x301, 0x345, 0x3B7, 0x342, 0x3B7, 0x342, 0x345, 0x395, 0x300,
    0x397, 0x300, 0x397, 0x345, 0x1FBF, 0x300, 0x1FBF, 0x301, 0x1FBF, 0x342,
    0x3B9, 0x306, 0x3B9, 0x304, 0x3B9, 0x308, 0x300, 0x3B9, 0x342, 0x3B9, 0x308,
    0x342, 0x399, 0x306, 0x399, 0x304, 0x399, 0x300, 0x1FFE, 0x300, 0x1FFE,
    0x301, 0x1FFE, 0x342, 0x3C5, 0x306, 0x3C5, 0x304, 0x3C5, 0x308, 0x300,
    0x3C1, 0x313, 0x3C1, 0x314, 0x3C5, 0x342, 0x3C5, 0x308, 0x342, 0x3A5, 0x306,
    0x3A5, 0x304, 0x3A5, 0x300, 0x3A1, 0x314, 0xA8, 0x300, 0x60, 0x3C9, 0x300,
    0x345, 0x3C9, 0x345, 0x3C9, 0x301, 0x345, 0x3C9, 0x342, 0x3C9, 0x342, 0x345,
    0x39F, 0x300, 0x3A9, 0x300, 0x3A9, 0x345, 0xB4, 0x2002, 0x2003, 0x3A9, 0x4B,
    0x2190, 0x338, 0x2192, 0x338, 0x2194, 0x338, 0x21D0, 0x338, 0x21D4, 0x338,
    0x21D2, 0x338, 0x2203, 0x338, 0x2208, 0x338, 0x220B, 0x338, 0x2223, 0x338,
    0x2225, 0x338, 0x223C, 0x338, 0x2243, 0x338, 0x2245, 0x338, 0x2248, 0x338,
    0x3D, 0x338, 0x2261, 0x338, 0x224D, 0x338, 0x3C, 0x338, 0x3E, 0x338, 0x2264,
    0x338, 0x2265, 0x338, 0x2272, 0x338, 0x2273, 0x338, 0x2276, 0x338, 0x2277,
    0x338, 0x227A, 0x338, 0x227B, 0x338, 0x2282, 0x338, 0x2283, 0x338, 0x2286,
    0x338, 0x2287, 0x338, 0x22A2, 0x338, 0x22A8, 0x338, 0x22A9, 0x338, 0x22AB,
    0x338, 0x227C, 0x338, 0x227D, 0x338, 0x2291, 0x338, 0x2292, 0x338, 0x22B2,
    0x338, 0x22B3, 0x338, 0x22B4, 0x338, 0x22B5, 0x338, 0x3008, 0x3009, 0x2ADD,
    0x338, 0x304B, 0x3099, 0x304D, 0x3099, 0x304F, 0x3099, 0x3051, 0x3099,
    0x3053, 0x3099, 0x3055, 0x3099, 0x3057, 0x3099, 0x3059, 0x3099, 0x305B,
    0x3099, 0x305D, 0x3099, 0x305F, 0x3099, 0x3061, 0x3099, 0x3064, 0x3099,
    0x3066, 0x3099, 0x3068, 0x3099, 0x306F, 0x3099, 0x306F, 0x309A, 0x3072,
    0x3099, 0x3072, 0x309A, 0x3075, 0x3099, 0x3075, 0x309A, 0x3078, 0x3099,
    0x3078, 0x309A, 0x307B, 0x3099, 0x307B, 0x309A, 0x3046, 0x3099, 0x309D,
    0x3099, 0x30AB, 0x3099, 0x30AD, 0x3099, 0x30AF, 0x3099, 0x30B1, 0x3099,
    0x30B3, 0x3099, 0x30B5, 0x3099, 0x30B7, 0x3099, 0x30B9, 0x3099, 0x30BB,
    0x3099, 0x30BD, 0x3099, 0x30BF, 0x3099, 0x30C1, 0x3099, 0x30C4, 0x3099,
    0x30C6, 0x3099, 0x30C8, 0x3099, 0x30CF, 0x3099, 0x30CF, 0x309A, 0x30D2,
    0x3099, 0x30D2, 0x309A, 0x30D5, 0x3099, 0x30D5, 0x309A, 0x30D8, 0x3099,
    0x30D8, 0x309A, 0x30DB, 0x3099, 0x30DB, 0x309A, 0x30A6, 0x3099, 0x30EF,
    0x3099, 0x30F0, 0x3099, 0x30F1, 0x3099, 0x30F2, 0x3099, 0x30FD, 0x3099,
    0x8C48, 0x66F4, 0x8ECA, 0x8CC8, 0x6ED1, 0x4E32, 0x53E5, 0x9F9C, 0x5951,
    0x91D1, 0x5587, 0x5948, 0x61F6, 0x7669, 0x7F85, 0x863F, 0x87BA, 0x88F8,
    0x908F, 0x6A02, 0x6D1B, 0x70D9, 0x73DE, 0x843D, 0x916A, 0x99F1, 0x4E82,
    0x5375, 0x6B04, 0x721B, 0x862D, 0x9E1E, 0x5D50, 0x6FEB, 0x85CD, 0x8964,
    0x62C9, 0x81D8, 0x881F, 0x5ECA, 0x6717, 0x6D6A, 0x72FC, 0x90CE, 0x4F86,
    0x51B7, 0x52DE, 0x64C4, 0x6AD3, 0x7210, 0x76E7, 0x8001, 0x8606, 0x865C,
    0x8DEF, 0x9732, 0x9B6F, 0x9DFA, 0x788C, 0x797F, 0x7DA0, 0x83C9, 0x9304,
    0x9E7F, 0x8AD6, 0x58DF, 0x5F04, 0x7C60, 0x807E, 0x7262, 0x78CA, 0x8CC2,
    0x96F7, 0x58D8, 0x5C62, 0x6A13, 0x6DDA, 0x6F0F, 0x7D2F, 0x7E37, 0x964B,
    0x52D2, 0x808B, 0x51DC, 0x51CC, 0x7A1C, 0x7DBE, 0x83F1, 0x9675, 0x8B80,
    0x62CF, 0x8AFE, 0x4E39, 0x5BE7, 0x6012, 0x7387, 0x7570, 0x5317, 0x78FB,
    0x4FBF, 0x5FA9, 0x4E0D, 0x6CCC, 0x6578, 0x7D22, 0x53C3, 0x585E, 0x7701,
    0x8449, 0x8AAA, 0x6BBA, 0x8FB0, 0x6C88, 0x62FE, 0x82E5, 0x63A0, 0x7565,
    0x4EAE, 0x5169, 0x51C9, 0x6881, 0x7CE7, 0x826F, 0x8AD2, 0x91CF, 0x52F5,
    0x5442, 0x5973, 0x5EEC, 0x65C5, 0x6FFE, 0x792A, 0x95AD, 0x9A6A, 0x9E97,
    0x9ECE, 0x529B, 0x66C6, 0x6B77, 0x8F62, 0x5E74, 0x6190, 0x6200, 0x649A,
    0x6F23, 0x7149, 0x7489, 0x79CA, 0x7DF4, 0x806F, 0x8F26, 0x84EE, 0x9023,
    0x934A, 0x5217, 0x52A3, 0x54BD, 0x70C8, 0x88C2, 0x5EC9, 0x5FF5, 0x637B,
    0x6BAE, 0x7C3E, 0x7375, 0x4EE4, 0x56F9, 0x5DBA, 0x601C, 0x73B2, 0x7469,
    0x7F9A, 0x8046, 0x9234, 0x96F6, 0x9748, 0x9818, 0x4F8B, 0x79AE, 0x91B4,
    0x96B8, 0x60E1, 0x4E86, 0x50DA, 0x5BEE, 0x5C3F, 0x6599, 0x71CE, 0x7642,
    0x84FC, 0x907C, 0x9F8D, 0x6688, 0x962E, 0x5289, 0x677B, 0x67F3, 0x6D41,
    0x6E9C, 0x7409, 0x7559, 0x786B, 0x7D10, 0x985E, 0x516D, 0x622E, 0x9678,
    0x502B, 0x5D19, 0x6DEA, 0x8F2A, 0x5F8B, 0x6144, 0x6817, 0x9686, 0x5229,
    0x540F, 0x5C65, 0x6613, 0x674E, 0x68A8, 0x6CE5, 0x7406, 0x75E2, 0x7F79,
    0x88CF, 0x88E1, 0x91CC, 0x96E2, 0x533F, 0x6EBA, 0x541D, 0x71D0, 0x7498,
    0x85FA, 0x96A3, 0x9C57, 0x9E9F, 0x6797, 0x6DCB, 0x81E8, 0x7ACB, 0x7B20,
    0x7C92, 0x72C0, 0x7099, 0x8B58, 0x4EC0, 0x8336, 0x523A, 0x5207, 0x5EA6,
    0x62D3, 0x7CD6, 0x5B85, 0x6D1E, 0x66B4, 0x8F3B, 0x884C, 0x964D, 0x898B,
    0x5ED3, 0x5140, 0x55C0, 0x585A, 0x6674, 0x51DE, 0x732A, 0x76CA, 0x793C,
    0x795E, 0x7965, 0x798F, 0x9756, 0x7CBE, 0x7FBD, 0x8612, 0x8AF8, 0x9038,
    0x90FD, 0x98EF, 0x98FC, 0x9928, 0x9DB4, 0x90DE, 0x96B7, 0x4FAE, 0x50E7,
    0x514D, 0x52C9, 0x52E4, 0x5351, 0x559D, 0x5606, 0x5668, 0x5840, 0x58A8,
    0x5C64, 0x5C6E, 0x6094, 0x6168, 0x618E, 0x61F2, 0x654F, 0x65E2, 0x6691,
    0x6885, 0x6D77, 0x6E1A, 0x6F22, 0x716E, 0x722B, 0x7422, 0x7891, 0x793E,
    0x7949, 0x7948, 0x7950, 0x7956, 0x795D, 0x798D, 0x798E, 0x7A40, 0x7A81,
    0x7BC0, 0x7E09, 0x7E41, 0x7F72, 0x8005, 0x81ED, 0x8279, 0x8457, 0x8910,
    0x8996, 0x8B01, 0x8B39, 0x8CD3, 0x8D08, 0x8FB6, 0x96E3, 0x97FF, 0x983B,
    0x6075, 0x242EE, 0x8218, 0x4E26, 0x51B5, 0x5168, 0x4F80, 0x5145, 0x5180,
    0x52C7, 0x52FA, 0x5555, 0x5599, 0x55E2, 0x58B3, 0x5944, 0x5954, 0x5A62,
    0x5B28, 0x5ED2, 0x5ED9, 0x5F69, 0x5FAD, 0x60D8, 0x614E, 0x6108, 0x6160,
    0x6234, 0x63C4, 0x641C, 0x6452, 0x6556, 0x671B, 0x6756, 0x6B79, 0x6EDB,
    0x6ECB, 0x701E, 0x77A7, 0x7235, 0x72AF, 0x7471, 0x7506, 0x753B, 0x761D,
    0x761F, 0x76DB, 0x76F4, 0x774A, 0x7740, 0x78CC, 0x7AB1, 0x7C7B, 0x7D5B,
    0x7F3E, 0x8352, 0x83EF, 0x8779, 0x8941, 0x8986, 0x8ABF, 0x8ACB, 0x8AED,
    0x8B8A, 0x8F38, 0x9072, 0x9199, 0x9276, 0x967C, 0x97DB, 0x980B, 0x9B12,
    0x2284A, 0x22844, 0x233D5, 0x3B9D, 0x4018, 0x4039, 0x25249, 0x25CD0,
    0x27ED3, 0x9F43, 0x9F8E, 0x5D9, 0x5B4, 0x5F2, 0x5B7, 0x5E9, 0x5C1, 0x5E9,
    0x5C2, 0x5E9, 0x5BC, 0x5C1, 0x5E9, 0x5BC, 0x5C2, 0x5D0, 0x5B7, 0x5D0, 0x5B8,
    0x5D0, 0x5BC, 0x5D1, 0x5BC, 0x5D2, 0x5BC, 0x5D3, 0x5BC, 0x5D4, 0x5BC, 0x5D5,
    0x5BC, 0x5D6, 0x5BC, 0x5D8, 0x5BC, 0x5D9, 0x5BC, 0x5DA, 0x5BC, 0x5DB, 0x5BC,
    0x5DC, 0x5BC, 0x5DE, 0x5BC, 0x5E0, 0x5BC, 0x5E1, 0x5BC, 0x5E3, 0x5BC, 0x5E4,
    0x5BC, 0x5E6, 0x5BC, 0x5E7, 0x5BC, 0x5E8, 0x5BC, 0x5E9, 0x5BC, 0x5EA, 0x5BC,
    0x5D5, 0x5B9, 0x5D1, 0x5BF, 0x5DB, 0x5BF, 0x5E4, 0x5BF, 0x105D2, 0x307,
    0x105DA, 0x307, 0x11099, 0x110BA, 0x1109B, 0x110BA, 0x110A5, 0x110BA,
    0x11131, 0x11127, 0x11132, 0x11127, 0x11347, 0x1133E, 0x11347, 0x11357,
    0x11382, 0x113C9, 0x11384, 0x113BB, 0x1138B, 0x113C2, 0x11390, 0x113C9,
    0x113C2, 0x113C2, 0x113C2, 0x113B8, 0x113C2, 0x113C9, 0x114B9, 0x114BA,
    0x114B9, 0x114B0, 0x114B9, 0x114BD, 0x115B8, 0x115AF, 0x115B9, 0x115AF,
    0x11935, 0x11930, 0x1611E, 0x1611E, 0x1611E, 0x16129, 0x1611E, 0x1611F,
    0x16129, 0x1611F, 0x1611E, 0x16120, 0x1611E, 0x1611E, 0x1611F, 0x1611E,
    0x16129, 0x1611F, 0x1611E, 0x1611E, 0x16120, 0x16D67, 0x16D67, 0x16D63,
    0x16D67, 0x16D63, 0x16D67, 0x16D67, 0x1D157, 0x1D165, 0x1D158, 0x1D165,
    0x1D158, 0x1D165, 0x1D16E, 0x1D158, 0x1D165, 0x1D16F, 0x1D158, 0x1D165,
    0x1D170, 0x1D158, 0x1D165, 0x1D171, 0x1D158, 0x1D165, 0x1D172, 0x1D1B9,
    0x1D165, 0x1D1BA, 0x1D165, 0x1D1B9, 0x1D165, 0x1D16E, 0x1D1BA, 0x1D165,
    0x1D16E, 0x1D1B9, 0x1D165, 0x1D16F, 0x1D1BA, 0x1D165, 0x1D16F, 0x4E3D,
    0x4E38, 0x4E41, 0x20122, 0x4F60, 0x4FBB, 0x5002, 0x507A, 0x5099, 0x50CF,
    0x349E, 0x2063A, 0x5154, 0x5164, 0x5177, 0x2051C, 0x34B9, 0x5167, 0x518D,
    0x2054B, 0x5197, 0x51A4, 0x4ECC, 0x51AC, 0x291DF, 0x51F5, 0x5203, 0x34DF,
    0x523B, 0x5246, 0x5272, 0x5277, 0x3515, 0x5305, 0x5306, 0x5349, 0x535A,
    0x5373, 0x537D, 0x537F, 0x20A2C, 0x7070, 0x53CA, 0x53DF, 0x20B63, 0x53EB,
    0x53F1, 0x5406, 0x549E, 0x5438, 0x5448, 0x5468, 0x54A2, 0x54F6, 0x5510,
    0x5553, 0x5563, 0x5584, 0x55AB, 0x55B3, 0x55C2, 0x5716, 0x5717, 0x5651,
    0x5674, 0x58EE, 0x57CE, 0x57F4, 0x580D, 0x578B, 0x5832, 0x5831, 0x58AC,
    0x214E4, 0x58F2, 0x58F7, 0x5906, 0x591A, 0x5922, 0x5962, 0x216A8, 0x216EA,
    0x59EC, 0x5A1B, 0x5A27, 0x59D8, 0x5A66, 0x36EE, 0x36FC, 0x5B08, 0x5B3E,
    0x219C8, 0x5BC3, 0x5BD8, 0x5BF3, 0x21B18, 0x5BFF, 0x5C06, 0x5F53, 0x5C22,
    0x3781, 0x5C60, 0x5CC0, 0x5C8D, 0x21DE4, 0x5D43, 0x21DE6, 0x5D6E, 0x5D6B,
    0x5D7C, 0x5DE1, 0x5DE2, 0x382F, 0x5DFD, 0x5E28, 0x5E3D, 0x5E69, 0x3862,
    0x22183, 0x387C, 0x5EB0, 0x5EB3, 0x5EB6, 0x2A392, 0x5EFE, 0x22331, 0x8201,
    0x5F22, 0x38C7, 0x232B8, 0x261DA, 0x5F62, 0x5F6B, 0x38E3, 0x5F9A, 0x5FCD,
    0x5FD7, 0x5FF9, 0x6081, 0x393A, 0x391C, 0x226D4, 0x60C7, 0x6148, 0x614C,
    0x617A, 0x61B2, 0x61A4, 0x61AF, 0x61DE, 0x6210, 0x621B, 0x625D, 0x62B1,
    0x62D4, 0x6350, 0x22B0C, 0x633D, 0x62FC, 0x6368, 0x6383, 0x63E4, 0x22BF1,
    0x6422, 0x63C5, 0x63A9, 0x3A2E, 0x6469, 0x647E, 0x649D, 0x6477, 0x3A6C,
    0x656C, 0x2300A, 0x65E3, 0x66F8, 0x6649, 0x3B19, 0x3B08, 0x3AE4, 0x5192,
    0x5195, 0x6700, 0x669C, 0x80AD, 0x43D9, 0x6721, 0x675E, 0x6753, 0x233C3,
    0x3B49, 0x67FA, 0x6785, 0x6852, 0x2346D, 0x688E, 0x681F, 0x6914, 0x6942,
    0x69A3, 0x69EA, 0x6AA8, 0x236A3, 0x6ADB, 0x3C18, 0x6B21, 0x238A7, 0x6B54,
    0x3C4E, 0x6B72, 0x6B9F, 0x6BBB, 0x23A8D, 0x21D0B, 0x23AFA, 0x6C4E, 0x23CBC,
    0x6CBF, 0x6CCD, 0x6C67, 0x6D16, 0x6D3E, 0x6D69, 0x6D78, 0x6D85, 0x23D1E,
    0x6D34, 0x6E2F, 0x6E6E, 0x3D33, 0x6EC7, 0x23ED1, 0x6DF9, 0x6F6E, 0x23F5E,
    0x23F8E, 0x6FC6, 0x7039, 0x701B, 0x3D96, 0x704A, 0x707D, 0x7077, 0x70AD,
    0x20525, 0x7145, 0x24263, 0x719C, 0x243AB, 0x7228, 0x7250, 0x24608, 0x7280,
    0x7295, 0x24735, 0x24814, 0x737A, 0x738B, 0x3EAC, 0x73A5, 0x3EB8, 0x7447,
    0x745C, 0x7485, 0x74CA, 0x3F1B, 0x7524, 0x24C36, 0x753E, 0x24C92, 0x2219F,
    0x7610, 0x24FA1, 0x24FB8, 0x25044, 0x3FFC, 0x4008, 0x250F3, 0x250F2,
    0x25119, 0x25133, 0x771E, 0x771F, 0x778B, 0x4046, 0x4096, 0x2541D, 0x784E,
    0x40E3, 0x25626, 0x2569A, 0x256C5, 0x79EB, 0x412F, 0x7A4A, 0x7A4F, 0x2597C,
    0x25AA7, 0x7AEE, 0x4202, 0x25BAB, 0x7BC6, 0x7BC9, 0x4227, 0x25C80, 0x7CD2,
    0x42A0, 0x7CE8, 0x7CE3, 0x7D00, 0x25F86, 0x7D63, 0x4301, 0x7DC7, 0x7E02,
    0x7E45, 0x4334, 0x26228, 0x26247, 0x4359, 0x262D9, 0x7F7A, 0x2633E, 0x7F95,
    0x7FFA, 0x264DA, 0x26523, 0x8060, 0x265A8, 0x8070, 0x2335F, 0x43D5, 0x80B2,
    0x8103, 0x440B, 0x813E, 0x5AB5, 0x267A7, 0x267B5, 0x23393, 0x2339C, 0x8204,
    0x8F9E, 0x446B, 0x8291, 0x828B, 0x829D, 0x52B3, 0x82B1, 0x82B3, 0x82BD,
    0x82E6, 0x26B3C, 0x831D, 0x8363, 0x83AD, 0x8323, 0x83BD, 0x83E7, 0x8353,
    0x83CA, 0x83CC, 0x83DC, 0x26C36, 0x26D6B, 0x26CD5, 0x452B, 0x84F1, 0x84F3,
    0x8516, 0x273CA, 0x8564, 0x26F2C, 0x455D, 0x4561, 0x26FB1, 0x270D2, 0x456B,
    0x8650, 0x8667, 0x8669, 0x86A9, 0x8688, 0x870E, 0x86E2, 0x8728, 0x876B,
    0x8786, 0x45D7, 0x87E1, 0x8801, 0x45F9, 0x8860, 0x8863, 0x27667, 0x88D7,
    0x88DE, 0x4635, 0x88FA, 0x34BB, 0x278AE, 0x27966, 0x46BE, 0x46C7, 0x8AA0,
    0x8C55, 0x27CA8, 0x8CAB, 0x8CC1, 0x8D1B, 0x8D77, 0x27F2F, 0x20804, 0x8DCB,
    0x8DBC, 0x8DF0, 0x208DE, 0x8ED4, 0x285D2, 0x285ED, 0x9094, 0x90F1, 0x9111,
    0x2872E, 0x911B, 0x9238, 0x92D7, 0x92D8, 0x927C, 0x93F9, 0x9415, 0x28BFA,
    0x958B, 0x4995, 0x95B7, 0x28D77, 0x49E6, 0x96C3, 0x5DB2, 0x9723, 0x29145,
    0x2921A, 0x4A6E, 0x4A76, 0x97E0, 0x2940A, 0x4AB2, 0x29496, 0x9829, 0x295B6,
    0x98E2, 0x4B33, 0x9929, 0x99A7, 0x99C2, 0x99FE, 0x4BCE, 0x29B30, 0x9C40,
    0x9CFD, 0x4CCE, 0x4CED, 0x9D67, 0x2A0CE, 0x4CF8, 0x2A105, 0x2A20E, 0x2A291,
    0x9EBB, 0x4D56, 0x9EF9, 0x9EFE, 0x9F05, 0x9F0F, 0x9F16, 0x9F3B, 0x2A600,
};

constexpr DecompEntry kDecompEntries[] = {
    {0xC0, 0, 2}, {0xC1, 2, 2}, {0xC2, 4, 2}, {0xC3, 6, 2}, {0xC4, 8, 2},
    {0xC5, 10, 2}, {0xC7, 12, 2}, {0xC8, 14, 2}, {0xC9, 16, 2}, {0xCA, 18, 2},
    {0xCB, 20, 2}, {0xCC, 22, 2}, {0xCD, 24, 2}, {0xCE, 26, 2}, {0xCF, 28, 2},
    {0xD1, 30, 2}, {0xD2, 32, 2}, {0xD3, 34, 2}, {0xD4, 36, 2}, {0xD5, 38, 2},
    {0xD6, 40, 2}, {0xD9, 42, 2}, {0xDA, 44, 2}, {0xDB, 46, 2}, {0xDC, 48, 2},
    {0xDD, 50, 2}, {0xE0, 52, 2}, {0xE1, 54, 2}, {0xE2, 56, 2}, {0xE3, 58, 2},
    {0xE4, 60, 2}, {0xE5, 62, 2}, {0xE7, 64, 2}, {0xE8, 66, 2}, {0xE9, 68, 2},
    {0xEA, 70, 2}, {0xEB, 72, 2}, {0xEC, 74, 2}, {0xED, 76, 2}, {0xEE, 78, 2},
    {0xEF, 80, 2}, {0xF1, 82, 2}, {0xF2, 84, 2}, {0xF3, 86, 2}, {0xF4, 88, 2},
    {0xF5, 90, 2}, {0xF6, 92, 2}, {0xF9, 94, 2}, {0xFA, 96, 2}, {0xFB, 98, 2},
    {0xFC, 100, 2}, {0xFD, 102, 2}, {0xFF, 104, 2}, {0x100, 106, 2},
    {0x101, 108, 2}, {0x102, 110, 2}, {0x103, 112, 2}, {0x104, 114, 2},
    {0x105, 116, 2}, {0x106, 118, 2}, {0x107, 120, 2}, {0x108, 122, 2},
    {0x109, 124, 2}, {0x10A, 126, 2}, {0x10B, 128, 2}, {0x10C, 130, 2},
    {0x10D, 132, 2}, {0x10E, 134, 2}, {0x10F, 136, 2}, {0x112, 138, 2},
    {0x113, 140, 2}, {0x114, 142, 2}, {0x115, 144, 2}, {0x116, 146, 2},
    {0x117, 148, 2}, {0x118, 150, 2}, {0x119, 152, 2}, {0x11A, 154, 2},
    {0x11B, 156, 2}, {0x11C, 158, 2}, {0x11D, 160, 2}, {0x11E, 162, 2},
    {0x11F, 164, 2}, {0x120, 166, 2}, {0x121, 168, 2}, {0x122, 170, 2},
    {0x123, 172, 2}, {0x124, 174, 2}, {0x125, 176, 2}, {0x128, 178, 2},
    {0x129, 180, 2}, {0x12A, 182, 2}, {0x12B, 184, 2}, {0x12C, 186, 2},
    {0x12D, 188, 2}, {0x12E, 190, 2}, {0x12F, 192, 2}, {0x130, 194, 2},
    {0x134, 196, 2}, {0x135, 198, 2}, {0x136, 200, 2}, {0x137, 202, 2},
    {0x139, 204, 2}, {0x13A, 206, 2}, {0x13B, 208, 2}, {0x13C, 210, 2},
    {0x13D, 212, 2}, {0x13E, 214, 2}, {0x143, 216, 2}, {0x144, 218, 2},
    {0x145, 220, 2}, {0x146, 222, 2}, {0x147, 224, 2}, {0x148, 226, 2},
    {0x14C, 228, 2}, {0x14D, 230, 2}, {0x14E, 232, 2}, {0x14F, 234, 2},
    {0x150, 236, 2}, {0x151, 238, 2}, {0x154, 240, 2}, {0x155, 242, 2},
    {0x156, 244, 2}, {0x157, 246, 2}, {0x158, 248, 2}, {0x159, 250, 2},
    {0x15A, 252, 2}, {0x15B, 254, 2}, {0x15C, 256, 2}, {0x15D, 258, 2},
    {0x15E, 260, 2}, {0x15F, 262, 2}, {0x160, 264, 2}, {0x161, 266, 2},
    {0x162, 268, 2}, {0x163, 270, 2}, {0x164, 272, 2}, {0x165, 274, 2},
    {0x168, 276, 2}, {0x169, 278, 2}, {0x16A, 280, 2}, {0x16B, 282, 2},
    {0x16C, 284, 2}, {0x16D, 286, 2}, {0x16E, 288, 2}, {0x16F, 290, 2},
    {0x170, 292, 2}, {0x171, 294, 2}, {0x172, 296, 2}, {0x173, 298, 2},
    {0x174, 300, 2}, {0x175, 302, 2}, {0x176, 304, 2}, {0x177, 306, 2},
    {0x178, 308, 2}, {0x179, 310, 2}, {0x17A, 312, 2}, {0x17B, 314, 2},
    {0x17C, 316, 2}, {0x17D, 318, 2}, {0x17E, 320, 2}, {0x1A0, 322, 2},
    {0x1A1, 324, 2}, {0x1AF, 326, 2}, {0x1B0, 328, 2}, {0x1CD, 330, 2},
    {0x1CE, 332, 2}, {0x1CF, 334, 2}, {0x1D0, 336, 2}, {0x1D1, 338, 2},
    {0x1D2, 340, 2}, {0x1D3, 342, 2}, {0x1D4, 344, 2}, {0x1D5, 346, 3},
    {0x1D6, 349, 3}, {0x1D7, 352, 3}, {0x1D8, 355, 3}, {0x1D9, 358, 3},
    {0x1DA, 361, 3}, {0x1DB, 364, 3}, {0x1DC, 367, 3}, {0x1DE, 370, 3},
    {0x1DF, 373, 3}, {0x1E0, 376, 3}, {0x1E1, 379, 3}, {0x1E2, 382, 2},
    {0x1E3, 384, 2}, {0x1E6, 386, 2}, {0x1E7, 388, 2}, {0x1E8, 390, 2},
    {0x1E9, 392, 2}, {0x1EA, 394, 2}, {0x1EB, 396, 2}, {0x1EC, 398, 3},
    {0x1ED, 401, 3}, {0x1EE, 404, 2}, {0x1EF, 406, 2}, {0x1F0, 408, 2},
    {0x1F4, 410, 2}, {0x1F5, 412, 2}, {0x1F8, 414, 2}, {0x1F9, 416, 2},
    {0x1FA, 418, 3}, {0x1FB, 421, 3}, {0x1FC, 424, 2}, {0x1FD, 426, 2},
    {0x1FE, 428, 2}, {0x1FF, 430, 2}, {0x200, 432, 2}, {0x201, 434, 2},
    {0x202, 436, 2}, {0x203, 438, 2}, {0x204, 440, 2}, {0x205, 442, 2},
    {0x206, 444, 2}, {0x207, 446, 2}, {0x208, 448, 2}, {0x209, 450, 2},
    {0x20A, 452, 2}, {0x20B, 454, 2}, {0x20C, 456, 2}, {0x20D, 458, 2},
    {0x20E, 460, 2}, {0x20F, 462, 2}, {0x210, 464, 2}, {0x211, 466, 2},
    {0x212, 468, 2}, {0x213, 470, 2}, {0x214, 472, 2}, {0x215, 474, 2},
    {0x216, 476, 2}, {0x217, 478, 2}, {0x218, 480, 2}, {0x219, 482, 2},
    {0x21A, 484, 2}, {0x21B, 486, 2}, {0x21E, 488, 2}, {0x21F, 490, 2},
    {0x226, 492, 2}, {0x227, 494, 2}, {0x228, 496, 2}, {0x229, 498, 2},
    {0x22A, 500, 3}, {0x22B, 503, 3}, {0x22C, 506, 3}, {0x22D, 509, 3},
    {0x22E, 512, 2}, {0x22F, 514, 2}, {0x230, 516, 3}, {0x231, 519, 3},
    {0x232, 522, 2}, {0x233, 524, 2}, {0x340, 526, 1}, {0x341, 527, 1},
    {0x343, 528, 1}, {0x344, 529, 2}, {0x374, 531, 1}, {0x37E, 532, 1},
    {0x385, 533, 2}, {0x386, 535, 2}, {0x387, 537, 1}, {0x388, 538, 2},
    {0x389, 540, 2}, {0x38A, 542, 2}, {0x38C, 544, 2}, {0x38E, 546, 2},
    {0x38F, 548, 2}, {0x390, 550, 3}, {0x3AA, 553, 2}, {0x3AB, 555, 2},
    {0x3AC, 557, 2}, {0x3AD, 559, 2}, {0x3AE, 561, 2}, {0x3AF, 563, 2},
    {0x3B0, 565, 3}, {0x3CA, 568, 2}, {0x3CB, 570, 2}, {0x3CC, 572, 2},
    {0x3CD, 574, 2}, {0x3CE, 576, 2}, {0x3D3, 578, 2}, {0x3D4, 580, 2},
    {0x400, 582, 2}, {0x401, 584, 2}, {0x403, 586, 2}, {0x407, 588, 2},
    {0x40C, 590, 2}, {0x40D, 592, 2}, {0x40E, 594, 2}, {0x419, 596, 2},
    {0x439, 598, 2}, {0x450, 600, 2}, {0x451, 602, 2}, {0x453, 604, 2},
    {0x457, 606, 2}, {0x45C, 608, 2}, {0x45D, 610, 2}, {0x45E, 612, 2},
    {0x476, 614, 2}, {0x477, 616, 2}, {0x4C1, 618, 2}, {0x4C2, 620, 2},
    {0x4D0, 622, 2}, {0x4D1, 624, 2}, {0x4D2, 626, 2}, {0x4D3, 628, 2},
    {0x4D6, 630, 2}, {0x4D7, 632, 2}, {0x4DA, 634, 2}, {0x4DB, 636, 2},
    {0x4DC, 638, 2}, {0x4DD, 640, 2}, {0x4DE, 642, 2}, {0x4DF, 644, 2},
    {0x4E2, 646, 2}, {0x4E3, 648, 2}, {0x4E4, 650, 2}, {0x4E5, 652, 2},
    {0x4E6, 654, 2}, {0x4E7, 656, 2}, {0x4EA, 658, 2}, {0x4EB, 660, 2},
    {0x4EC, 662, 2}, {0x4ED, 664, 2}, {0x4EE, 666, 2}, {0x4EF, 668, 2},
    {0x4F0, 670, 2}, {0x4F1, 672, 2}, {0x4F2, 674, 2}, {0x4F3, 676, 2},
    {0x4F4, 678, 2}, {0x4F5, 680, 2}, {0x4F8, 682, 2}, {0x4F9, 684, 2},
    {0x622, 686, 2}, {0x623, 688, 2}, {0x624, 690, 2}, {0x625, 692, 2},
    {0x626, 694, 2}, {0x6C0, 696, 2}, {0x6C2, 698, 2}, {0x6D3, 700, 2},
    {0x929, 702, 2}, {0x931, 704, 2}, {0x934, 706, 2}, {0x958, 708, 2},
    {0x959, 710, 2}, {0x95A, 712, 2}, {0x95B, 714, 2}, {0x95C, 716, 2},
    {0x95D, 718, 2}, {0x95E, 720, 2}, {0x95F, 722, 2}, {0x9CB, 724, 2},
    {0x9CC, 726, 2}, {0x9DC, 728, 2}, {0x9DD, 730, 2}, {0x9DF, 732, 2},
    {0xA33, 734, 2}, {0xA36, 736, 2}, {0xA59, 738, 2}, {0xA5A, 740, 2},
    {0xA5B, 742, 2}, {0xA5E, 744, 2}, {0xB48, 746, 2}, {0xB4B, 748, 2},
    {0xB4C, 750, 2}, {0xB5C, 752, 2}, {0xB5D, 754, 2}, {0xB94, 756, 2},
    {0xBCA, 758, 2}, {0xBCB, 760, 2}, {0xBCC, 762, 2}, {0xC48, 764, 2},
    {0xCC0, 766, 2}, {0xCC7, 768, 2}, {0xCC8, 770, 2}, {0xCCA, 772, 2},
    {0xCCB, 774, 3}, {0xD4A, 777, 2}, {0xD4B, 779, 2}, {0xD4C, 781, 2},
    {0xDDA, 783, 2}, {0xDDC, 785, 2}, {0xDDD, 787, 3}, {0xDDE, 790, 2},
    {0xF43, 792, 2}, {0xF4D, 794, 2}, {0xF52, 796, 2}, {0xF57, 798, 2},
    {0xF5C, 800, 2}, {0xF69, 802, 2}, {0xF73, 804, 2}, {0xF75, 806, 2},
    {0xF76, 808, 2}, {0xF78, 810, 2}, {0xF81, 812, 2}, {0xF93, 814, 2},
    {0xF9D, 816, 2}, {0xFA2, 818, 2}, {0xFA7, 820, 2}, {0xFAC, 822, 2},
    {0xFB9, 824, 2}, {0x1026, 826, 2}, {0x1B06, 828, 2}, {0x1B08, 830, 2},
    {0x1B0A, 832, 2}, {0x1B0C, 834, 2}, {0x1B0E, 836, 2}, {0x1B12, 838, 2},
    {0x1B3B, 840, 2}, {0x1B3D, 842, 2}, {0x1B40, 844, 2}, {0x1B41, 846, 2},
    {0x1B43, 848, 2}, {0x1E00, 850, 2}, {0x1E01, 852, 2}, {0x1E02, 854, 2},
    {0x1E03, 856, 2}, {0x1E04, 858, 2}, {0x1E05, 860, 2}, {0x1E06, 862, 2},
    {0x1E07, 864, 2}, {0x1E08, 866, 3}, {0x1E09, 869, 3}, {0x1E0A, 872, 2},
    {0x1E0B, 874, 2}, {0x1E0C, 876, 2}, {0x1E0D, 878, 2}, {0x1E0E, 880, 2},
    {0x1E0F, 882, 2}, {0x1E10, 884, 2}, {0x1E11, 886, 2}, {0x1E12, 888, 2},
    {0x1E13, 890, 2}, {0x1E14, 892, 3}, {0x1E15, 895, 3}, {0x1E16, 898, 3},
    {0x1E17, 901, 3}, {0x1E18, 904, 2}, {0x1E19, 906, 2}, {0x1E1A, 908, 2},
    {0x1E1B, 910, 2}, {0x1E1C, 912, 3}, {0x1E1D, 915, 3}, {0x1E1E, 918, 2},
    {0x1E1F, 920, 2}, {0x1E20, 922, 2}, {0x1E21, 924, 2}, {0x1E22, 926, 2},
    {0x1E23, 928, 2}, {0x1E24, 930, 2}, {0x1E25, 932, 2}, {0x1E26, 934, 2},
    {0x1E27, 936, 2}, {0x1E28, 938, 2}, {0x1E29, 940, 2}, {0x1E2A, 942, 2},
    {0x1E2B, 944, 2}, {0x1E2C, 946, 2}, {0x1E2D, 948, 2}, {0x1E2E, 950, 3},
    {0x1E2F, 953, 3}, {0x1E30, 956, 2}, {0x1E31, 958, 2}, {0x1E32, 960, 2},
    {0x1E33, 962, 2}, {0x1E34, 964, 2}, {0x1E35, 966, 2}, {0x1E36, 968, 2},
    {0x1E37, 970, 2}, {0x1E38, 972, 3}, {0x1E39, 975, 3}, {0x1E3A, 978, 2},
    {0x1E3B, 980, 2}, {0x1E3C, 982, 2}, {0x1E3D, 984, 2}, {0x1E3E, 986, 2},
    {0x1E3F, 988, 2}, {0x1E40, 990, 2}, {0x1E41, 992, 2}, {0x1E42, 994, 2},
    {0x1E43, 996, 2}, {0x1E44, 998, 2}, {0x1E45, 1000, 2}, {0x1E46, 1002, 2},
    {0x1E47, 1004, 2}, {0x1E48, 1006, 2}, {0x1E49, 1008, 2}, {0x1E4A, 1010, 2},
    {0x1E4B, 1012, 2}, {0x1E4C, 1014, 3}, {0x1E4D, 1017, 3}, {0x1E4E, 1020, 3},
    {0x1E4F, 1023, 3}, {0x1E50, 1026, 3}, {0x1E51, 1029, 3}, {0x1E52, 1032, 3},
    {0x1E53, 1035, 3}, {0x1E54, 1038, 2}, {0x1E55, 1040, 2}, {0x1E56, 1042, 2},
    {0x1E57, 1044, 2}, {0x1E58, 1046, 2}, {0x1E59, 1048, 2}, {0x1E5A, 1050, 2},
    {0x1E5B, 1052, 2}, {0x1E5C, 1054, 3}, {0x1E5D, 1057, 3}, {0x1E5E, 1060, 2},
    {0x1E5F, 1062, 2}, {0x1E60, 1064, 2}, {0x1E61, 1066, 2}, {0x1E62, 1068, 2},
    {0x1E63, 1070, 2}, {0x1E64, 1072, 3}, {0x1E65, 1075, 3}, {0x1E66, 1078, 3},
    {0x1E67, 1081, 3}, {0x1E68, 1084, 3}, {0x1E69, 1087, 3}, {0x1E6A, 1090, 2},
    {0x1E6B, 1092, 2}, {0x1E6C, 1094, 2}, {0x1E6D, 1096, 2}, {0x1E6E, 1098, 2},
    {0x1E6F, 1100, 2}, {0x1E70, 1102, 2}, {0x1E71, 1104, 2}, {0x1E72, 1106, 2},
    {0x1E73, 1108, 2}, {0x1E74, 1110, 2}, {0x1E75, 1112, 2}, {0x1E76, 1114, 2},
    {0x1E77, 1116, 2}, {0x1E78, 1118, 3}, {0x1E79, 1121, 3}, {0x1E7A, 1124, 3},
    {0x1E7B, 1127, 3}, {0x1E7C, 1130, 2}, {0x1E7D, 1132, 2}, {0x1E7E, 1134, 2},
    {0x1E7F, 1136, 2}, {0x1E80, 1138, 2}, {0x1E81, 1140, 2}, {0x1E82, 1142, 2},
    {0x1E83, 1144, 2}, {0x1E84, 1146, 2}, {0x1E85, 1148, 2}, {0x1E86, 1150, 2},
    {0x1E87, 1152, 2}, {0x1E88, 1154, 2}, {0x1E89, 1156, 2}, {0x1E8A, 1158, 2},
    {0x1E8B, 1160, 2}, {0x1E8C, 1162, 2}, {0x1E8D, 1164, 2}, {0x1E8E, 1166, 2},
    {0x1E8F, 1168, 2}, {0x1E90, 1170, 2}, {0x1E91, 1172, 2}, {0x1E92, 1174, 2},
    {0x1E93, 1176, 2}, {0x1E94, 1178, 2}, {0x1E95, 1180, 2}, {0x1E96, 1182, 2},
    {0x1E97, 1184, 2}, {0x1E98, 1186, 2}, {0x1E99, 1188, 2}, {0x1E9B, 1190, 2},
    {0x1EA0, 1192, 2}, {0x1EA1, 1194, 2}, {0x1EA2, 1196, 2}, {0x1EA3, 1198, 2},
    {0x1EA4, 1200, 3}, {0x1EA5, 1203, 3}, {0x1EA6, 1206, 3}, {0x1EA7, 1209, 3},
    {0x1EA8, 1212, 3}, {0x1EA9, 1215, 3}, {0x1EAA, 1218, 3}, {0x1EAB, 1221, 3},
    {0x1EAC, 1224, 3}, {0x1EAD, 1227, 3}, {0x1EAE, 1230, 3}, {0x1EAF, 1233, 3},
    {0x1EB0, 1236, 3}, {0x1EB1, 1239, 3}, {0x1EB2, 1242, 3}, {0x1EB3, 1245, 3},
    {0x1EB4, 1248, 3}, {0x1EB5, 1251, 3}, {0x1EB6, 1254, 3}, {0x1EB7, 1257, 3},
    {0x1EB8, 1260, 2}, {0x1EB9, 1262, 2}, {0x1EBA, 1264, 2}, {0x1EBB, 1266, 2},
    {0x1EBC, 1268, 2}, {0x1EBD, 1270, 2}, {0x1EBE, 1272, 3}, {0x1EBF, 1275, 3},
    {0x1EC0, 1278, 3}, {0x1EC1, 1281, 3}, {0x1EC2, 1284, 3}, {0x1EC3, 1287, 3},
    {0x1EC4, 1290, 3}, {0x1EC5, 1293, 3}, {0x1EC6, 1296, 3}, {0x1EC7, 1299, 3},
    {0x1EC8, 1302, 2}, {0x1EC9, 1304, 2}, {0x1ECA, 1306, 2}, {0x1ECB, 1308, 2},
    {0x1ECC, 1310, 2}, {0x1ECD, 1312, 2}, {0x1ECE, 1314, 2}, {0x1ECF, 1316, 2},
    {0x1ED0, 1318, 3}, {0x1ED1, 1321, 3}, {0x1ED2, 1324, 3}, {0x1ED3, 1327, 3},
    {0x1ED4, 1330, 3}, {0x1ED5, 1333, 3}, {0x1ED6, 1336, 3}, {0x1ED7, 1339, 3},
    {0x1ED8, 1342, 3}, {0x1ED9, 1345, 3}, {0x1EDA, 1348, 3}, {0x1EDB, 1351, 3},
    {0x1EDC, 1354, 3}, {0x1EDD, 1357, 3}, {0x1EDE, 1360, 3}, {0x1EDF, 1363, 3},
    {0x1EE0, 1366, 3}, {0x1EE1, 1369, 3}, {0x1EE2, 1372, 3}, {0x1EE3, 1375, 3},
    {0x1EE4, 1378, 2}, {0x1EE5, 1380, 2}, {0x1EE6, 1382, 2}, {0x1EE7, 1384, 2},
    {0x1EE8, 1386, 3}, {0x1EE9, 1389, 3}, {0x1EEA, 1392, 3}, {0x1EEB, 1395, 3},
    {0x1EEC, 1398, 3}, {0x1EED, 1401, 3}, {0x1EEE, 1404, 3}, {0x1EEF, 1407, 3},
    {0x1EF0, 1410, 3}, {0x1EF1, 1413, 3}, {0x1EF2, 1416, 2}, {0x1EF3, 1418, 2},
    {0x1EF4, 1420, 2}, {0x1EF5, 1422, 2}, {0x1EF6, 1424, 2}, {0x1EF7, 1426, 2},
    {0x1EF8, 1428, 2}, {0x1EF9, 1430, 2}, {0x1F00, 1432, 2}, {0x1F01, 1434, 2},
    {0x1F02, 1436, 3}, {0x1F03, 1439, 3}, {0x1F04, 1442, 3}, {0x1F05, 1445, 3},
    {0x1F06, 1448, 3}, {0x1F07, 1451, 3}, {0x1F08, 1454, 2}, {0x1F09, 1456, 2},
    {0x1F0A, 1458, 3}, {0x1F0B, 1461, 3}, {0x1F0C, 1464, 3}, {0x1F0D, 1467, 3},
    {0x1F0E, 1470, 3}, {0x1F0F, 1473, 3}, {0x1F10, 1476, 2}, {0x1F11, 1478, 2},
    {0x1F12, 1480, 3}, {0x1F13, 1483, 3}, {0x1F14, 1486, 3}, {0x1F15, 1489, 3},
    {0x1F18, 1492, 2}, {0x1F19, 1494, 2}, {0x1F1A, 1496, 3}, {0x1F1B, 1499, 3},
    {0x1F1C, 1502, 3}, {0x1F1D, 1505, 3}, {0x1F20, 1508, 2}, {0x1F21, 1510, 2},
    {0x1F22, 1512, 3}, {0x1F23, 1515, 3}, {0x1F24, 1518, 3}, {0x1F25, 1521, 3},
    {0x1F26, 1524, 3}, {0x1F27, 1527, 3}, {0x1F28, 1530, 2}, {0x1F29, 1532, 2},
    {0x1F2A, 1534, 3}, {0x1F2B, 1537, 3}, {0x1F2C, 1540, 3}, {0x1F2D, 1543, 3},
    {0x1F2E, 1546, 3}, {0x1F2F, 1549, 3}, {0x1F30, 1552, 2}, {0x1F31, 1554, 2},
    {0x1F32, 1556, 3}, {0x1F33, 1559, 3}, {0x1F34, 1562, 3}, {0x1F35, 1565, 3},
    {0x1F36, 1568, 3}, {0x1F37, 1571, 3}, {0x1F38, 1574, 2}, {0x1F39, 1576, 2},
    {0x1F3A, 1578, 3}, {0x1F3B, 1581, 3}, {0x1F3C, 1584, 3}, {0x1F3D, 1587, 3},
    {0x1F3E, 1590, 3}, {0x1F3F, 1593, 3}, {0x1F40, 1596, 2}, {0x1F41, 1598, 2},
    {0x1F42, 1600, 3}, {0x1F43, 1603, 3}, {0x1F44, 1606, 3}, {0x1F45, 1609, 3},
    {0x1F48, 1612, 2}, {0x1F49, 1614, 2}, {0x1F4A, 1616, 3}, {0x1F4B, 1619, 3},
    {0x1F4C, 1622, 3}, {0x1F4D, 1625, 3}, {0x1F50, 1628, 2}, {0x1F51, 1630, 2},
    {0x1F52, 1632, 3}, {0x1F53, 1635, 3}, {0x1F54, 1638, 3}, {0x1F55, 1641, 3},
    {0x1F56, 1644, 3}, {0x1F57, 1647, 3}, {0x1F59, 1650, 2}, {0x1F5B, 1652, 3},
    {0x1F5D, 1655, 3}, {0x1F5F, 1658, 3}, {0x1F60, 1661, 2}, {0x1F61, 1663, 2},
    {0x1F62, 1665, 3}, {0x1F63, 1668, 3}, {0x1F64, 1671, 3}, {0x1F65, 1674, 3},
    {0x1F66, 1677, 3}, {0x1F67, 1680, 3}, {0x1F68, 1683, 2}, {0x1F69, 1685, 2},
    {0x1F6A, 1687, 3}, {0x1F6B, 1690, 3}, {0x1F6C, 1693, 3}, {0x1F6D, 1696, 3},
    {0x1F6E, 1699, 3}, {0x1F6F, 1702, 3}, {0x1F70, 1705, 2}, {0x1F71, 557, 2},
    {0x1F72, 1707, 2}, {0x1F73, 559, 2}, {0x1F74, 1709, 2}, {0x1F75, 561, 2},
    {0x1F76, 1711, 2}, {0x1F77, 563, 2}, {0x1F78, 1713, 2}, {0x1F79, 572, 2},
    {0x1F7A, 1715, 2}, {0x1F7B, 574, 2}, {0x1F7C, 1717, 2}, {0x1F7D, 576, 2},
    {0x1F80, 1719, 3}, {0x1F81, 1722, 3}, {0x1F82, 1725, 4}, {0x1F83, 1729, 4},
    {0x1F84, 1733, 4}, {0x1F85, 1737, 4}, {0x1F86, 1741, 4}, {0x1F87, 1745, 4},
    {0x1F88, 1749, 3}, {0x1F89, 1752, 3}, {0x1F8A, 1755, 4}, {0x1F8B, 1759, 4},
    {0x1F8C, 1763, 4}, {0x1F8D, 1767, 4}, {0x1F8E, 1771, 4}, {0x1F8F, 1775, 4},
    {0x1F90, 1779, 3}, {0x1F91, 1782, 3}, {0x1F92, 1785, 4}, {0x1F93, 1789, 4},
    {0x1F94, 1793, 4}, {0x1F95, 1797, 4}, {0x1F96, 1801, 4}, {0x1F97, 1805, 4},
    {0x1F98, 1809, 3}, {0x1F99, 1812, 3}, {0x1F9A, 1815, 4}, {0x1F9B, 1819, 4},
    {0x1F9C, 1823, 4}, {0x1F9D, 1827, 4}, {0x1F9E, 1831, 4}, {0x1F9F, 1835, 4},
    {0x1FA0, 1839, 3}, {0x1FA1, 1842, 3}, {0x1FA2, 1845, 4}, {0x1FA3, 1849, 4},
    {0x1FA4, 1853, 4}, {0x1FA5, 1857, 4}, {0x1FA6, 1861, 4}, {0x1FA7, 1865, 4},
    {0x1FA8, 1869, 3}, {0x1FA9, 1872, 3}, {0x1FAA, 1875, 4}, {0x1FAB, 1879, 4},
    {0x1FAC, 1883, 4}, {0x1FAD, 1887, 4}, {0x1FAE, 1891, 4}, {0x1FAF, 1895, 4},
    {0x1FB0, 1899, 2}, {0x1FB1, 1901, 2}, {0x1FB2, 1903, 3}, {0x1FB3, 1906, 2},
    {0x1FB4, 1908, 3}, {0x1FB6, 1911, 2}, {0x1FB7, 1913, 3}, {0x1FB8, 1916, 2},
    {0x1FB9, 1918, 2}, {0x1FBA, 1920, 2}, {0x1FBB, 535, 2}, {0x1FBC, 1922, 2},
    {0x1FBE, 1924, 1}, {0x1FC1, 1925, 2}, {0x1FC2, 1927, 3}, {0x1FC3, 1930, 2},
    {0x1FC4, 1932, 3}, {0x1FC6, 1935, 2}, {0x1FC7, 1937, 3}, {0x1FC8, 1940, 2},
    {0x1FC9, 538, 2}, {0x1FCA, 1942, 2}, {0x1FCB, 540, 2}, {0x1FCC, 1944, 2},
    {0x1FCD, 1946, 2}, {0x1FCE, 1948, 2}, {0x1FCF, 1950, 2}, {0x1FD0, 1952, 2},
    {0x1FD1, 1954, 2}, {0x1FD2, 1956, 3}, {0x1FD3, 550, 3}, {0x1FD6, 1959, 2},
    {0x1FD7, 1961, 3}, {0x1FD8, 1964, 2}, {0x1FD9, 1966, 2}, {0x1FDA, 1968, 2},
    {0x1FDB, 542, 2}, {0x1FDD, 1970, 2}, {0x1FDE, 1972, 2}, {0x1FDF, 1974, 2},
    {0x1FE0, 1976, 2}, {0x1FE1, 1978, 2}, {0x1FE2, 1980, 3}, {0x1FE3, 565, 3},
    {0x1FE4, 1983, 2}, {0x1FE5, 1985, 2}, {0x1FE6, 1987, 2}, {0x1FE7, 1989, 3},
    {0x1FE8, 1992, 2}, {0x1FE9, 1994, 2}, {0x1FEA, 1996, 2}, {0x1FEB, 546, 2},
    {0x1FEC, 1998, 2}, {0x1FED, 2000, 2}, {0x1FEE, 533, 2}, {0x1FEF, 2002, 1},
    {0x1FF2, 2003, 3}, {0x1FF3, 2006, 2}, {0x1FF4, 2008, 3}, {0x1FF6, 2011, 2},
    {0x1FF7, 2013, 3}, {0x1FF8, 2016, 2}, {0x1FF9, 544, 2}, {0x1FFA, 2018, 2},
    {0x1FFB, 548, 2}, {0x1FFC, 2020, 2}, {0x1FFD, 2022, 1}, {0x2000, 2023, 1},
    {0x2001, 2024, 1}, {0x2126, 2025, 1}, {0x212A, 2026, 1}, {0x212B, 10, 2},
    {0x219A, 2027, 2}, {0x219B, 2029, 2}, {0x21AE, 2031, 2}, {0x21CD, 2033, 2},
    {0x21CE, 2035, 2}, {0x21CF, 2037, 2}, {0x2204, 2039, 2}, {0x2209, 2041, 2},
    {0x220C, 2043, 2}, {0x2224, 2045, 2}, {0x2226, 2047, 2}, {0x2241, 2049, 2},
    {0x2244, 2051, 2}, {0x2247, 2053, 2}, {0x2249, 2055, 2}, {0x2260, 2057, 2},
    {0x2262, 2059, 2}, {0x226D, 2061, 2}, {0x226E, 2063, 2}, {0x226F, 2065, 2},
    {0x2270, 2067, 2}, {0x2271, 2069, 2}, {0x2274, 2071, 2}, {0x2275, 2073, 2},
    {0x2278, 2075, 2}, {0x2279, 2077, 2}, {0x2280, 2079, 2}, {0x2281, 2081, 2},
    {0x2284, 2083, 2}, {0x2285, 2085, 2}, {0x2288, 2087, 2}, {0x2289, 2089, 2},
    {0x22AC, 2091, 2}, {0x22AD, 2093, 2}, {0x22AE, 2095, 2}, {0x22AF, 2097, 2},
    {0x22E0, 2099, 2}, {0x22E1, 2101, 2}, {0x22E2, 2103, 2}, {0x22E3, 2105, 2},
    {0x22EA, 2107, 2}, {0x22EB, 2109, 2}, {0x22EC, 2111, 2}, {0x22ED, 2113, 2},
    {0x2329, 2115, 1}, {0x232A, 2116, 1}, {0x2ADC, 2117, 2}, {0x304C, 2119, 2},
    {0x304E, 2121, 2}, {0x3050, 2123, 2}, {0x3052, 2125, 2}, {0x3054, 2127, 2},
    {0x3056, 2129, 2}, {0x3058, 2131, 2}, {0x305A, 2133, 2}, {0x305C, 2135, 2},
    {0x305E, 2137, 2}, {0x3060, 2139, 2}, {0x3062, 2141, 2}, {0x3065, 2143, 2},
    {0x3067, 2145, 2}, {0x3069, 2147, 2}, {0x3070, 2149, 2}, {0x3071, 2151, 2},
    {0x3073, 2153, 2}, {0x3074, 2155, 2}, {0x3076, 2157, 2}, {0x3077, 2159, 2},
    {0x3079, 2161, 2}, {0x307A, 2163, 2}, {0x307C, 2165, 2}, {0x307D, 2167, 2},
    {0x3094, 2169, 2}, {0x309E, 2171, 2}, {0x30AC, 2173, 2}, {0x30AE, 2175, 2},
    {0x30B0, 2177, 2}, {0x30B2, 2179, 2}, {0x30B4, 2181, 2}, {0x30B6, 2183, 2},
    {0x30B8, 2185, 2}, {0x30BA, 2187, 2}, {0x30BC, 2189, 2}, {0x30BE, 2191, 2},
    {0x30C0, 2193, 2}, {0x30C2, 2195, 2}, {0x30C5, 2197, 2}, {0x30C7, 2199, 2},
    {0x30C9, 2201, 2}, {0x30D0, 2203, 2}, {0x30D1, 2205, 2}, {0x30D3, 2207, 2},
    {0x30D4, 2209, 2}, {0x30D6, 2211, 2}, {0x30D7, 2213, 2}, {0x30D9, 2215, 2},
    {0x30DA, 2217, 2}, {0x30DC, 2219, 2}, {0x30DD, 2221, 2}, {0x30F4, 2223, 2},
    {0x30F7, 2225, 2}, {0x30F8, 2227, 2}, {0x30F9, 2229, 2}, {0x30FA, 2231, 2},
    {0x30FE, 2233, 2}, {0xF900, 2235, 1}, {0xF901, 2236, 1}, {0xF902, 2237, 1},
    {0xF903, 2238, 1}, {0xF904, 2239, 1}, {0xF905, 2240, 1}, {0xF906, 2241, 1},
    {0xF907, 2242, 1}, {0xF908, 2242, 1}, {0xF909, 2243, 1}, {0xF90A, 2244, 1},
    {0xF90B, 2245, 1}, {0xF90C, 2246, 1}, {0xF90D, 2247, 1}, {0xF90E, 2248, 1},
    {0xF90F, 2249, 1}, {0xF910, 2250, 1}, {0xF911, 2251, 1}, {0xF912, 2252, 1},
    {0xF913, 2253, 1}, {0xF914, 2254, 1}, {0xF915, 2255, 1}, {0xF916, 2256, 1},
    {0xF917, 2257, 1}, {0xF918, 2258, 1}, {0xF919, 2259, 1}, {0xF91A, 2260, 1},
    {0xF91B, 2261, 1}, {0xF91C, 2262, 1}, {0xF91D, 2263, 1}, {0xF91E, 2264, 1},
    {0xF91F, 2265, 1}, {0xF920, 2266, 1}, {0xF921, 2267, 1}, {0xF922, 2268, 1},
    {0xF923, 2269, 1}, {0xF924, 2270, 1}, {0xF925, 2271, 1}, {0xF926, 2272, 1},
    {0xF927, 2273, 1}, {0xF928, 2274, 1}, {0xF929, 2275, 1}, {0xF92A, 2276, 1},
    {0xF92B, 2277, 1}, {0xF92C, 2278, 1}, {0xF92D, 2279, 1}, {0xF92E, 2280, 1},
    {0xF92F, 2281, 1}, {0xF930, 2282, 1}, {0xF931, 2283, 1}, {0xF932, 2284, 1},
    {0xF933, 2285, 1}, {0xF934, 2286, 1}, {0xF935, 2287, 1}, {0xF936, 2288, 1},
    {0xF937, 2289, 1}, {0xF938, 2290, 1}, {0xF939, 2291, 1}, {0xF93A, 2292, 1},
    {0xF93B, 2293, 1}, {0xF93C, 2294, 1}, {0xF93D, 2295, 1}, {0xF93E, 2296, 1},
    {0xF93F, 2297, 1}, {0xF940, 2298, 1}, {0xF941, 2299, 1}, {0xF942, 2300, 1},
    {0xF943, 2301, 1}, {0xF944, 2302, 1}, {0xF945, 2303, 1}, {0xF946, 2304, 1},
    {0xF947, 2305, 1}, {0xF948, 2306, 1}, {0xF949, 2307, 1}, {0xF94A, 2308, 1},
    {0xF94B, 2309, 1}, {0xF94C, 2310, 1}, {0xF94D, 2311, 1}, {0xF94E, 2312, 1},
    {0xF94F, 2313, 1}, {0xF950, 2314, 1}, {0xF951, 2315, 1}, {0xF952, 2316, 1},
    {0xF953, 2317, 1}, {0xF954, 2318, 1}, {0xF955, 2319, 1}, {0xF956, 2320, 1},
    {0xF957, 2321, 1}, {0xF958, 2322, 1}, {0xF959, 2323, 1}, {0xF95A, 2324, 1},
    {0xF95B, 2325, 1}, {0xF95C, 2254, 1}, {0xF95D, 2326, 1}, {0xF95E, 2327, 1},
    {0xF95F, 2328, 1}, {0xF960, 2329, 1}, {0xF961, 2330, 1}, {0xF962, 2331, 1},
    {0xF963, 2332, 1}, {0xF964, 2333, 1}, {0xF965, 2334, 1}, {0xF966, 2335, 1},
    {0xF967, 2336, 1}, {0xF968, 2337, 1}, {0xF969, 2338, 1}, {0xF96A, 2339, 1},
    {0xF96B, 2340, 1}, {0xF96C, 2341, 1}, {0xF96D, 2342, 1}, {0xF96E, 2343, 1},
    {0xF96F, 2344, 1}, {0xF970, 2345, 1}, {0xF971, 2346, 1}, {0xF972, 2347, 1},
    {0xF973, 2348, 1}, {0xF974, 2349, 1}, {0xF975, 2350, 1}, {0xF976, 2351, 1},
    {0xF977, 2352, 1}, {0xF978, 2353, 1}, {0xF979, 2354, 1}, {0xF97A, 2355, 1},
    {0xF97B, 2356, 1}, {0xF97C, 2357, 1}, {0xF97D, 2358, 1}, {0xF97E, 2359, 1},
    {0xF97F, 2360, 1}, {0xF980, 2361, 1}, {0xF981, 2362, 1}, {0xF982, 2363, 1},
    {0xF983, 2364, 1}, {0xF984, 2365, 1}, {0xF985, 2366, 1}, {0xF986, 2367, 1},
    {0xF987, 2368, 1}, {0xF988, 2369, 1}, {0xF989, 2370, 1}, {0xF98A, 2371, 1},
    {0xF98B, 2372, 1}, {0xF98C, 2373, 1}, {0xF98D, 2374, 1}, {0xF98E, 2375, 1},
    {0xF98F, 2376, 1}, {0xF990, 2377, 1}, {0xF991, 2378, 1}, {0xF992, 2379, 1},
    {0xF993, 2380, 1}, {0xF994, 2381, 1}, {0xF995, 2382, 1}, {0xF996, 2383, 1},
    {0xF997, 2384, 1}, {0xF998, 2385, 1}, {0xF999, 2386, 1}, {0xF99A, 2387, 1},
    {0xF99B, 2388, 1}, {0xF99C, 2389, 1}, {0xF99D, 2390, 1}, {0xF99E, 2391, 1},
    {0xF99F, 2392, 1}, {0xF9A0, 2393, 1}, {0xF9A1, 2344, 1}, {0xF9A2, 2394, 1},
    {0xF9A3, 2395, 1}, {0xF9A4, 2396, 1}, {0xF9A5, 2397, 1}, {0xF9A6, 2398, 1},
    {0xF9A7, 2399, 1}, {0xF9A8, 2400, 1}, {0xF9A9, 2401, 1}, {0xF9AA, 2328, 1},
    {0xF9AB, 2402, 1}, {0xF9AC, 2403, 1}, {0xF9AD, 2404, 1}, {0xF9AE, 2405, 1},
    {0xF9AF, 2406, 1}, {0xF9B0, 2407, 1}, {0xF9B1, 2408, 1}, {0xF9B2, 2409, 1},
    {0xF9B3, 2410, 1}, {0xF9B4, 2411, 1}, {0xF9B5, 2412, 1}, {0xF9B6, 2413, 1},
    {0xF9B7, 2414, 1}, {0xF9B8, 2415, 1}, {0xF9B9, 2416, 1}, {0xF9BA, 2417, 1},
    {0xF9BB, 2418, 1}, {0xF9BC, 2419, 1}, {0xF9BD, 2420, 1}, {0xF9BE, 2421, 1},
    {0xF9BF, 2254, 1}, {0xF9C0, 2422, 1}, {0xF9C1, 2423, 1}, {0xF9C2, 2424, 1},
    {0xF9C3, 2425, 1}, {0xF9C4, 2426, 1}, {0xF9C5, 2427, 1}, {0xF9C6, 2428, 1},
    {0xF9C7, 2429, 1}, {0xF9C8, 2430, 1}, {0xF9C9, 2431, 1}, {0xF9CA, 2432, 1},
    {0xF9CB, 2433, 1}, {0xF9CC, 2434, 1}, {0xF9CD, 2435, 1}, {0xF9CE, 2436, 1},
    {0xF9CF, 2437, 1}, {0xF9D0, 2438, 1}, {0xF9D1, 2439, 1}, {0xF9D2, 2440, 1},
    {0xF9D3, 2441, 1}, {0xF9D4, 2442, 1}, {0xF9D5, 2443, 1}, {0xF9D6, 2444, 1},
    {0xF9D7, 2445, 1}, {0xF9D8, 2446, 1}, {0xF9D9, 2447, 1}, {0xF9DA, 2448, 1},
    {0xF9DB, 2330, 1}, {0xF9DC, 2449, 1}, {0xF9DD, 2450, 1}, {0xF9DE, 2451, 1},
    {0xF9DF, 2452, 1}, {0xF9E0, 2453, 1}, {0xF9E1, 2454, 1}, {0xF9E2, 2455, 1},
    {0xF9E3, 2456, 1}, {0xF9E4, 2457, 1}, {0xF9E5, 2458, 1}, {0xF9E6, 2459, 1},
    {0xF9E7, 2460, 1}, {0xF9E8, 2461, 1}, {0xF9E9, 2462, 1}, {0xF9EA, 2463, 1},
    {0xF9EB, 2464, 1}, {0xF9EC, 2465, 1}, {0xF9ED, 2466, 1}, {0xF9EE, 2467, 1},
    {0xF9EF, 2468, 1}, {0xF9F0, 2469, 1}, {0xF9F1, 2470, 1}, {0xF9F2, 2471, 1},
    {0xF9F3, 2472, 1}, {0xF9F4, 2473, 1}, {0xF9F5, 2474, 1}, {0xF9F6, 2475, 1},
    {0xF9F7, 2476, 1}, {0xF9F8, 2477, 1}, {0xF9F9, 2478, 1}, {0xF9FA, 2479, 1},
    {0xF9FB, 2480, 1}, {0xF9FC, 2481, 1}, {0xF9FD, 2482, 1}, {0xF9FE, 2483, 1},
    {0xF9FF, 2484, 1}, {0xFA00, 2485, 1}, {0xFA01, 2486, 1}, {0xFA02, 2487, 1},
    {0xFA03, 2488, 1}, {0xFA04, 2489, 1}, {0xFA05, 2490, 1}, {0xFA06, 2491, 1},
    {0xFA07, 2492, 1}, {0xFA08, 2493, 1}, {0xFA09, 2494, 1}, {0xFA0A, 2495, 1},
    {0xFA0B, 2496, 1}, {0xFA0C, 2497, 1}, {0xFA0D, 2498, 1}, {0xFA10, 2499, 1},
    {0xFA12, 2500, 1}, {0xFA15, 2501, 1}, {0xFA16, 2502, 1}, {0xFA17, 2503, 1},
    {0xFA18, 2504, 1}, {0xFA19, 2505, 1}, {0xFA1A, 2506, 1}, {0xFA1B, 2507, 1},
    {0xFA1C, 2508, 1}, {0xFA1D, 2509, 1}, {0xFA1E, 2510, 1}, {0xFA20, 2511, 1},
    {0xFA22, 2512, 1}, {0xFA25, 2513, 1}, {0xFA26, 2514, 1}, {0xFA2A, 2515, 1},
    {0xFA2B, 2516, 1}, {0xFA2C, 2517, 1}, {0xFA2D, 2518, 1}, {0xFA2E, 2519, 1},
    {0xFA2F, 2520, 1}, {0xFA30, 2521, 1}, {0xFA31, 2522, 1}, {0xFA32, 2523, 1},
    {0xFA33, 2524, 1}, {0xFA34, 2525, 1}, {0xFA35, 2526, 1}, {0xFA36, 2527, 1},
    {0xFA37, 2528, 1}, {0xFA38, 2529, 1}, {0xFA39, 2530, 1}, {0xFA3A, 2531, 1},
    {0xFA3B, 2532, 1}, {0xFA3C, 2533, 1}, {0xFA3D, 2534, 1}, {0xFA3E, 2535, 1},
    {0xFA3F, 2536, 1}, {0xFA40, 2537, 1}, {0xFA41, 2538, 1}, {0xFA42, 2539, 1},
    {0xFA43, 2540, 1}, {0xFA44, 2541, 1}, {0xFA45, 2542, 1}, {0xFA46, 2543, 1},
    {0xFA47, 2544, 1}, {0xFA48, 2545, 1}, {0xFA49, 2546, 1}, {0xFA4A, 2547, 1},
    {0xFA4B, 2548, 1}, {0xFA4C, 2549, 1}, {0xFA4D, 2550, 1}, {0xFA4E, 2551, 1},
    {0xFA4F, 2552, 1}, {0xFA50, 2553, 1}, {0xFA51, 2554, 1}, {0xFA52, 2555, 1},
    {0xFA53, 2556, 1}, {0xFA54, 2557, 1}, {0xFA55, 2558, 1}, {0xFA56, 2559, 1},
    {0xFA57, 2383, 1}, {0xFA58, 2560, 1}, {0xFA59, 2561, 1}, {0xFA5A, 2562, 1},
    {0xFA5B, 2563, 1}, {0xFA5C, 2564, 1}, {0xFA5D, 2565, 1}, {0xFA5E, 2565, 1},
    {0xFA5F, 2566, 1}, {0xFA60, 2567, 1}, {0xFA61, 2568, 1}, {0xFA62, 2569, 1},
    {0xFA63, 2570, 1}, {0xFA64, 2571, 1}, {0xFA65, 2572, 1}, {0xFA66, 2573, 1},
    {0xFA67, 2513, 1}, {0xFA68, 2574, 1}, {0xFA69, 2575, 1}, {0xFA6A, 2576, 1},
    {0xFA6B, 2577, 1}, {0xFA6C, 2578, 1}, {0xFA6D, 2579, 1}, {0xFA70, 2580, 1},
    {0xFA71, 2581, 1}, {0xFA72, 2582, 1}, {0xFA73, 2583, 1}, {0xFA74, 2584, 1},
    {0xFA75, 2585, 1}, {0xFA76, 2586, 1}, {0xFA77, 2587, 1}, {0xFA78, 2527, 1},
    {0xFA79, 2588, 1}, {0xFA7A, 2589, 1}, {0xFA7B, 2590, 1}, {0xFA7C, 2499, 1},
    {0xFA7D, 2591, 1}, {0xFA7E, 2592, 1}, {0xFA7F, 2593, 1}, {0xFA80, 2594, 1},
    {0xFA81, 2595, 1}, {0xFA82, 2596, 1}, {0xFA83, 2597, 1}, {0xFA84, 2598, 1},
    {0xFA85, 2599, 1}, {0xFA86, 2600, 1}, {0xFA87, 2601, 1}, {0xFA88, 2602, 1},
    {0xFA89, 2536, 1}, {0xFA8A, 2603, 1}, {0xFA8B, 2537, 1}, {0xFA8C, 2604, 1},
    {0xFA8D, 2605, 1}, {0xFA8E, 2606, 1}, {0xFA8F, 2607, 1}, {0xFA90, 2608, 1},
    {0xFA91, 2500, 1}, {0xFA92, 2275, 1}, {0xFA93, 2609, 1}, {0xFA94, 2610, 1},
    {0xFA95, 2611, 1}, {0xFA96, 2345, 1}, {0xFA97, 2432, 1}, {0xFA98, 2612, 1},
    {0xFA99, 2613, 1}, {0xFA9A, 2544, 1}, {0xFA9B, 2614, 1}, {0xFA9C, 2545, 1},
    {0xFA9D, 2615, 1}, {0xFA9E, 2616, 1}, {0xFA9F, 2617, 1}, {0xFAA0, 2502, 1},
    {0xFAA1, 2618, 1}, {0xFAA2, 2619, 1}, {0xFAA3, 2620, 1}, {0xFAA4, 2621, 1},
    {0xFAA5, 2622, 1}, {0xFAA6, 2503, 1}, {0xFAA7, 2623, 1}, {0xFAA8, 2624, 1},
    {0xFAA9, 2625, 1}, {0xFAAA, 2626, 1}, {0xFAAB, 2627, 1}, {0xFAAC, 2628, 1},
    {0xFAAD, 2559, 1}, {0xFAAE, 2629, 1}, {0xFAAF, 2630, 1}, {0xFAB0, 2383, 1},
    {0xFAB1, 2631, 1}, {0xFAB2, 2563, 1}, {0xFAB3, 2632, 1}, {0xFAB4, 2633, 1},
    {0xFAB5, 2634, 1}, {0xFAB6, 2635, 1}, {0xFAB7, 2636, 1}, {0xFAB8, 2568, 1},
    {0xFAB9, 2637, 1}, {0xFABA, 2512, 1}, {0xFABB, 2638, 1}, {0xFABC, 2569, 1},
    {0xFABD, 2326, 1}, {0xFABE, 2639, 1}, {0xFABF, 2570, 1}, {0xFAC0, 2640, 1},
    {0xFAC1, 2572, 1}, {0xFAC2, 2641, 1}, {0xFAC3, 2642, 1}, {0xFAC4, 2643, 1},
    {0xFAC5, 2644, 1}, {0xFAC6, 2645, 1}, {0xFAC7, 2574, 1}, {0xFAC8, 2508, 1},
    {0xFAC9, 2646, 1}, {0xFACA, 2575, 1}, {0xFACB, 2647, 1}, {0xFACC, 2576, 1},
    {0xFACD, 2648, 1}, {0xFACE, 2242, 1}, {0xFACF, 2649, 1}, {0xFAD0, 2650, 1},
    {0xFAD1, 2651, 1}, {0xFAD2, 2652, 1}, {0xFAD3, 2653, 1}, {0xFAD4, 2654, 1},
    {0xFAD5, 2655, 1}, {0xFAD6, 2656, 1}, {0xFAD7, 2657, 1}, {0xFAD8, 2658, 1},
    {0xFAD9, 2659, 1}, {0xFB1D, 2660, 2}, {0xFB1F, 2662, 2}, {0xFB2A, 2664, 2},
    {0xFB2B, 2666, 2}, {0xFB2C, 2668, 3}, {0xFB2D, 2671, 3}, {0xFB2E, 2674, 2},
    {0xFB2F, 2676, 2}, {0xFB30, 2678, 2}, {0xFB31, 2680, 2}, {0xFB32, 2682, 2},
    {0xFB33, 2684, 2}, {0xFB34, 2686, 2}, {0xFB35, 2688, 2}, {0xFB36, 2690, 2},
    {0xFB38, 2692, 2}, {0xFB39, 2694, 2}, {0xFB3A, 2696, 2}, {0xFB3B, 2698, 2},
    {0xFB3C, 2700, 2}, {0xFB3E, 2702, 2}, {0xFB40, 2704, 2}, {0xFB41, 2706, 2},
    {0xFB43, 2708, 2}, {0xFB44, 2710, 2}, {0xFB46, 2712, 2}, {0xFB47, 2714, 2},
    {0xFB48, 2716, 2}, {0xFB49, 2718, 2}, {0xFB4A, 2720, 2}, {0xFB4B, 2722, 2},
    {0xFB4C, 2724, 2}, {0xFB4D, 2726, 2}, {0xFB4E, 2728, 2}, {0x105C9, 2730, 2},
    {0x105E4, 2732, 2}, {0x1109A, 2734, 2}, {0x1109C, 2736, 2},
    {0x110AB, 2738, 2}, {0x1112E, 2740, 2}, {0x1112F, 2742, 2},
    {0x1134B, 2744, 2}, {0x1134C, 2746, 2}, {0x11383, 2748, 2},
    {0x11385, 2750, 2}, {0x1138E, 2752, 2}, {0x11391, 2754, 2},
    {0x113C5, 2756, 2}, {0x113C7, 2758, 2}, {0x113C8, 2760, 2},
    {0x114BB, 2762, 2}, {0x114BC, 2764, 2}, {0x114BE, 2766, 2},
    {0x115BA, 2768, 2}, {0x115BB, 2770, 2}, {0x11938, 2772, 2},
    {0x16121, 2774, 2}, {0x16122, 2776, 2}, {0x16123, 2778, 2},
    {0x16124, 2780, 2}, {0x16125, 2782, 2}, {0x16126, 2784, 3},
    {0x16127, 2787, 3}, {0x16128, 2790, 3}, {0x16D68, 2793, 2},
    {0x16D69, 2795, 2}, {0x16D6A, 2797, 3}, {0x1D15E, 2800, 2},
    {0x1D15F, 2802, 2}, {0x1D160, 2804, 3}, {0x1D161, 2807, 3},
    {0x1D162, 2810, 3}, {0x1D163, 2813, 3}, {0x1D164, 2816, 3},
    {0x1D1BB, 2819, 2}, {0x1D1BC, 2821, 2}, {0x1D1BD, 2823, 3},
    {0x1D1BE, 2826, 3}, {0x1D1BF, 2829, 3}, {0x1D1C0, 2832, 3},
    {0x2F800, 2835, 1}, {0x2F801, 2836, 1}, {0x2F802, 2837, 1},
    {0x2F803, 2838, 1}, {0x2F804, 2839, 1}, {0x2F805, 2521, 1},
    {0x2F806, 2840, 1}, {0x2F807, 2841, 1}, {0x2F808, 2842, 1},
    {0x2F809, 2843, 1}, {0x2F80A, 2522, 1}, {0x2F80B, 2844, 1},
    {0x2F80C, 2845, 1}, {0x2F80D, 2846, 1}, {0x2F80E, 2523, 1},
    {0x2F80F, 2847, 1}, {0x2F810, 2848, 1}, {0x2F811, 2849, 1},
    {0x2F812, 2850, 1}, {0x2F813, 2851, 1}, {0x2F814, 2852, 1},
    {0x2F815, 2853, 1}, {0x2F816, 2854, 1}, {0x2F817, 2855, 1},
    {0x2F818, 2856, 1}, {0x2F819, 2857, 1}, {0x2F81A, 2858, 1},
    {0x2F81B, 2581, 1}, {0x2F81C, 2859, 1}, {0x2F81D, 2860, 1},
    {0x2F81E, 2861, 1}, {0x2F81F, 2862, 1}, {0x2F820, 2863, 1},
    {0x2F821, 2864, 1}, {0x2F822, 2865, 1}, {0x2F823, 2866, 1},
    {0x2F824, 2867, 1}, {0x2F825, 2586, 1}, {0x2F826, 2524, 1},
    {0x2F827, 2525, 1}, {0x2F828, 2587, 1}, {0x2F829, 2868, 1},
    {0x2F82A, 2869, 1}, {0x2F82B, 2332, 1}, {0x2F82C, 2870, 1},
    {0x2F82D, 2526, 1}, {0x2F82E, 2871, 1}, {0x2F82F, 2872, 1},
    {0x2F830, 2873, 1}, {0x2F831, 2874, 1}, {0x2F832, 2874, 1},
    {0x2F833, 2874, 1}, {0x2F834, 2875, 1}, {0x2F835, 2876, 1},
    {0x2F836, 2877, 1}, {0x2F837, 2878, 1}, {0x2F838, 2879, 1},
    {0x2F839, 2880, 1}, {0x2F83A, 2881, 1}, {0x2F83B, 2882, 1},
    {0x2F83C, 2883, 1}, {0x2F83D, 2884, 1}, {0x2F83E, 2885, 1},
    {0x2F83F, 2886, 1}, {0x2F840, 2887, 1}, {0x2F841, 2888, 1},
    {0x2F842, 2889, 1}, {0x2F843, 2890, 1}, {0x2F844, 2891, 1},
    {0x2F845, 2892, 1}, {0x2F846, 2892, 1}, {0x2F847, 2589, 1},
    {0x2F848, 2893, 1}, {0x2F849, 2894, 1}, {0x2F84A, 2895, 1},
    {0x2F84B, 2896, 1}, {0x2F84C, 2528, 1}, {0x2F84D, 2897, 1},
    {0x2F84E, 2898, 1}, {0x2F84F, 2899, 1}, {0x2F850, 2485, 1},
    {0x2F851, 2900, 1}, {0x2F852, 2901, 1}, {0x2F853, 2902, 1},
    {0x2F854, 2903, 1}, {0x2F855, 2904, 1}, {0x2F856, 2905, 1},
    {0x2F857, 2906, 1}, {0x2F858, 2907, 1}, {0x2F859, 2908, 1},
    {0x2F85A, 2909, 1}, {0x2F85B, 2910, 1}, {0x2F85C, 2911, 1},
    {0x2F85D, 2912, 1}, {0x2F85E, 2913, 1}, {0x2F85F, 2914, 1},
    {0x2F860, 2915, 1}, {0x2F861, 2916, 1}, {0x2F862, 2917, 1},
    {0x2F863, 2918, 1}, {0x2F864, 2919, 1}, {0x2F865, 2920, 1},
    {0x2F866, 2921, 1}, {0x2F867, 2922, 1}, {0x2F868, 2923, 1},
    {0x2F869, 2924, 1}, {0x2F86A, 2925, 1}, {0x2F86B, 2925, 1},
    {0x2F86C, 2926, 1}, {0x2F86D, 2927, 1}, {0x2F86E, 2928, 1},
    {0x2F86F, 2328, 1}, {0x2F870, 2929, 1}, {0x2F871, 2930, 1},
    {0x2F872, 2931, 1}, {0x2F873, 2932, 1}, {0x2F874, 2933, 1},
    {0x2F875, 2934, 1}, {0x2F876, 2935, 1}, {0x2F877, 2936, 1},
    {0x2F878, 2533, 1}, {0x2F879, 2937, 1}, {0x2F87A, 2938, 1},
    {0x2F87B, 2939, 1}, {0x2F87C, 2940, 1}, {0x2F87D, 2941, 1},
    {0x2F87E, 2942, 1}, {0x2F87F, 2943, 1}, {0x2F880, 2944, 1},
    {0x2F881, 2945, 1}, {0x2F882, 2946, 1}, {0x2F883, 2947, 1},
    {0x2F884, 2948, 1}, {0x2F885, 2949, 1}, {0x2F886, 2950, 1},
    {0x2F887, 2951, 1}, {0x2F888, 2952, 1}, {0x2F889, 2953, 1},
    {0x2F88A, 2954, 1}, {0x2F88B, 2955, 1}, {0x2F88C, 2956, 1},
    {0x2F88D, 2957, 1}, {0x2F88E, 2274, 1}, {0x2F88F, 2958, 1},
    {0x2F890, 2959, 1}, {0x2F891, 2960, 1}, {0x2F892, 2960, 1},
    {0x2F893, 2961, 1}, {0x2F894, 2962, 1}, {0x2F895, 2962, 1},
    {0x2F896, 2963, 1}, {0x2F897, 2964, 1}, {0x2F898, 2965, 1},
    {0x2F899, 2966, 1}, {0x2F89A, 2967, 1}, {0x2F89B, 2968, 1},
    {0x2F89C, 2969, 1}, {0x2F89D, 2970, 1}, {0x2F89E, 2971, 1},
    {0x2F89F, 2972, 1}, {0x2F8A0, 2973, 1}, {0x2F8A1, 2974, 1},
    {0x2F8A2, 2975, 1}, {0x2F8A3, 2534, 1}, {0x2F8A4, 2976, 1},
    {0x2F8A5, 2977, 1}, {0x2F8A6, 2978, 1}, {0x2F8A7, 2979, 1},
    {0x2F8A8, 2601, 1}, {0x2F8A9, 2979, 1}, {0x2F8AA, 2980, 1},
    {0x2F8AB, 2536, 1}, {0x2F8AC, 2981, 1}, {0x2F8AD, 2982, 1},
    {0x2F8AE, 2983, 1}, {0x2F8AF, 2984, 1}, {0x2F8B0, 2537, 1},
    {0x2F8B1, 2247, 1}, {0x2F8B2, 2985, 1}, {0x2F8B3, 2986, 1},
    {0x2F8B4, 2987, 1}, {0x2F8B5, 2988, 1}, {0x2F8B6, 2989, 1},
    {0x2F8B7, 2990, 1}, {0x2F8B8, 2991, 1}, {0x2F8B9, 2992, 1},
    {0x2F8BA, 2993, 1}, {0x2F8BB, 2994, 1}, {0x2F8BC, 2995, 1},
    {0x2F8BD, 2996, 1}, {0x2F8BE, 2997, 1}, {0x2F8BF, 2998, 1},
    {0x2F8C0, 2999, 1}, {0x2F8C1, 3000, 1}, {0x2F8C2, 3001, 1},
    {0x2F8C3, 3002, 1}, {0x2F8C4, 3003, 1}, {0x2F8C5, 3004, 1},
    {0x2F8C6, 3005, 1}, {0x2F8C7, 3006, 1}, {0x2F8C8, 2538, 1},
    {0x2F8C9, 3007, 1}, {0x2F8CA, 3008, 1}, {0x2F8CB, 3009, 1},
    {0x2F8CC, 3010, 1}, {0x2F8CD, 3011, 1}, {0x2F8CE, 3012, 1},
    {0x2F8CF, 2540, 1}, {0x2F8D0, 3013, 1}, {0x2F8D1, 3014, 1},
    {0x2F8D2, 3015, 1}, {0x2F8D3, 3016, 1}, {0x2F8D4, 3017, 1},
    {0x2F8D5, 3018, 1}, {0x2F8D6, 3019, 1}, {0x2F8D7, 3020, 1},
    {0x2F8D8, 2275, 1}, {0x2F8D9, 2609, 1}, {0x2F8DA, 3021, 1},
    {0x2F8DB, 3022, 1}, {0x2F8DC, 3023, 1}, {0x2F8DD, 3024, 1},
    {0x2F8DE, 3025, 1}, {0x2F8DF, 3026, 1}, {0x2F8E0, 3027, 1},
    {0x2F8E1, 3028, 1}, {0x2F8E2, 2541, 1}, {0x2F8E3, 3029, 1},
    {0x2F8E4, 3030, 1}, {0x2F8E5, 3031, 1}, {0x2F8E6, 3032, 1},
    {0x2F8E7, 2652, 1}, {0x2F8E8, 3033, 1}, {0x2F8E9, 3034, 1},
    {0x2F8EA, 3035, 1}, {0x2F8EB, 3036, 1}, {0x2F8EC, 3037, 1},
    {0x2F8ED, 3038, 1}, {0x2F8EE, 3039, 1}, {0x2F8EF, 3040, 1},
    {0x2F8F0, 3041, 1}, {0x2F8F1, 3042, 1}, {0x2F8F2, 3043, 1},
    {0x2F8F3, 3044, 1}, {0x2F8F4, 3045, 1}, {0x2F8F5, 2345, 1},
    {0x2F8F6, 3046, 1}, {0x2F8F7, 3047, 1}, {0x2F8F8, 3048, 1},
    {0x2F8F9, 3049, 1}, {0x2F8FA, 3050, 1}, {0x2F8FB, 3051, 1},
    {0x2F8FC, 3052, 1}, {0x2F8FD, 3053, 1}, {0x2F8FE, 3054, 1},
    {0x2F8FF, 3055, 1}, {0x2F900, 3056, 1}, {0x2F901, 2542, 1},
    {0x2F902, 2432, 1}, {0x2F903, 3057, 1}, {0x2F904, 3058, 1},
    {0x2F905, 3059, 1}, {0x2F906, 3060, 1}, {0x2F907, 3061, 1},
    {0x2F908, 3062, 1}, {0x2F909, 3063, 1}, {0x2F90A, 3064, 1},
    {0x2F90B, 2613, 1}, {0x2F90C, 3065, 1}, {0x2F90D, 3066, 1},
    {0x2F90E, 3067, 1}, {0x2F90F, 3068, 1}, {0x2F910, 3069, 1},
    {0x2F911, 3070, 1}, {0x2F912, 3071, 1}, {0x2F913, 3072, 1},
    {0x2F914, 2614, 1}, {0x2F915, 3073, 1}, {0x2F916, 3074, 1},
    {0x2F917, 3075, 1}, {0x2F918, 3076, 1}, {0x2F919, 3077, 1},
    {0x2F91A, 3078, 1}, {0x2F91B, 3079, 1}, {0x2F91C, 3080, 1},
    {0x2F91D, 3081, 1}, {0x2F91E, 3082, 1}, {0x2F91F, 3083, 1},
    {0x2F920, 3084, 1}, {0x2F921, 2616, 1}, {0x2F922, 3085, 1},
    {0x2F923, 3086, 1}, {0x2F924, 3087, 1}, {0x2F925, 3088, 1},
    {0x2F926, 3089, 1}, {0x2F927, 3090, 1}, {0x2F928, 3091, 1},
    {0x2F929, 3092, 1}, {0x2F92A, 3093, 1}, {0x2F92B, 3094, 1},
    {0x2F92C, 3095, 1}, {0x2F92D, 3095, 1}, {0x2F92E, 3096, 1},
    {0x2F92F, 3097, 1}, {0x2F930, 2618, 1}, {0x2F931, 3098, 1},
    {0x2F932, 3099, 1}, {0x2F933, 3100, 1}, {0x2F934, 3101, 1},
    {0x2F935, 3102, 1}, {0x2F936, 3103, 1}, {0x2F937, 3104, 1},
    {0x2F938, 2331, 1}, {0x2F939, 3105, 1}, {0x2F93A, 3106, 1},
    {0x2F93B, 3107, 1}, {0x2F93C, 3108, 1}, {0x2F93D, 3109, 1},
    {0x2F93E, 3110, 1}, {0x2F93F, 3111, 1}, {0x2F940, 2624, 1},
    {0x2F941, 3112, 1}, {0x2F942, 3113, 1}, {0x2F943, 3114, 1},
    {0x2F944, 3115, 1}, {0x2F945, 3116, 1}, {0x2F946, 3117, 1},
    {0x2F947, 3117, 1}, {0x2F948, 2625, 1}, {0x2F949, 2654, 1},
    {0x2F94A, 3118, 1}, {0x2F94B, 3119, 1}, {0x2F94C, 3120, 1},
    {0x2F94D, 3121, 1}, {0x2F94E, 3122, 1}, {0x2F94F, 2293, 1},
    {0x2F950, 2627, 1}, {0x2F951, 3123, 1}, {0x2F952, 3124, 1},
    {0x2F953, 2553, 1}, {0x2F954, 3125, 1}, {0x2F955, 3126, 1},
    {0x2F956, 2507, 1}, {0x2F957, 3127, 1}, {0x2F958, 3128, 1},
    {0x2F959, 2557, 1}, {0x2F95A, 3129, 1}, {0x2F95B, 3130, 1},
    {0x2F95C, 3131, 1}, {0x2F95D, 3132, 1}, {0x2F95E, 3132, 1},
    {0x2F95F, 3133, 1}, {0x2F960, 3134, 1}, {0x2F961, 3135, 1},
    {0x2F962, 3136, 1}, {0x2F963, 3137, 1}, {0x2F964, 3138, 1},
    {0x2F965, 3139, 1}, {0x2F966, 3140, 1}, {0x2F967, 3141, 1},
    {0x2F968, 3142, 1}, {0x2F969, 3143, 1}, {0x2F96A, 3144, 1},
    {0x2F96B, 3145, 1}, {0x2F96C, 3146, 1}, {0x2F96D, 3147, 1},
    {0x2F96E, 3148, 1}, {0x2F96F, 3149, 1}, {0x2F970, 3150, 1},
    {0x2F971, 3151, 1}, {0x2F972, 3152, 1}, {0x2F973, 3153, 1},
    {0x2F974, 3154, 1}, {0x2F975, 3155, 1}, {0x2F976, 3156, 1},
    {0x2F977, 3157, 1}, {0x2F978, 3158, 1}, {0x2F979, 3159, 1},
    {0x2F97A, 2563, 1}, {0x2F97B, 3160, 1}, {0x2F97C, 3161, 1},
    {0x2F97D, 3162, 1}, {0x2F97E, 3163, 1}, {0x2F97F, 3164, 1},
    {0x2F980, 3165, 1}, {0x2F981, 3166, 1}, {0x2F982, 3167, 1},
    {0x2F983, 3168, 1}, {0x2F984, 3169, 1}, {0x2F985, 3170, 1},
    {0x2F986, 3171, 1}, {0x2F987, 3172, 1}, {0x2F988, 3173, 1},
    {0x2F989, 3174, 1}, {0x2F98A, 3175, 1}, {0x2F98B, 2961, 1},
    {0x2F98C, 3176, 1}, {0x2F98D, 3177, 1}, {0x2F98E, 3178, 1},
    {0x2F98F, 3179, 1}, {0x2F990, 3180, 1}, {0x2F991, 3181, 1},
    {0x2F992, 3182, 1}, {0x2F993, 3183, 1}, {0x2F994, 3184, 1},
    {0x2F995, 3185, 1}, {0x2F996, 3186, 1}, {0x2F997, 3187, 1},
    {0x2F998, 2349, 1}, {0x2F999, 3188, 1}, {0x2F99A, 3189, 1},
    {0x2F99B, 3190, 1}, {0x2F99C, 3191, 1}, {0x2F99D, 3192, 1},
    {0x2F99E, 3193, 1}, {0x2F99F, 2566, 1}, {0x2F9A0, 3194, 1},
    {0x2F9A1, 3195, 1}, {0x2F9A2, 3196, 1}, {0x2F9A3, 3197, 1},
    {0x2F9A4, 3198, 1}, {0x2F9A5, 3199, 1}, {0x2F9A6, 3200, 1},
    {0x2F9A7, 3201, 1}, {0x2F9A8, 3202, 1}, {0x2F9A9, 3203, 1},
    {0x2F9AA, 3204, 1}, {0x2F9AB, 3205, 1}, {0x2F9AC, 3206, 1},
    {0x2F9AD, 3207, 1}, {0x2F9AE, 3208, 1}, {0x2F9AF, 3209, 1},
    {0x2F9B0, 3210, 1}, {0x2F9B1, 3211, 1}, {0x2F9B2, 3212, 1},
    {0x2F9B3, 3213, 1}, {0x2F9B4, 2288, 1}, {0x2F9B5, 3214, 1},
    {0x2F9B6, 3215, 1}, {0x2F9B7, 3216, 1}, {0x2F9B8, 3217, 1},
    {0x2F9B9, 3218, 1}, {0x2F9BA, 3219, 1}, {0x2F9BB, 2634, 1},
    {0x2F9BC, 3220, 1}, {0x2F9BD, 3221, 1}, {0x2F9BE, 3222, 1},
    {0x2F9BF, 3223, 1}, {0x2F9C0, 3224, 1}, {0x2F9C1, 3225, 1},
    {0x2F9C2, 3226, 1}, {0x2F9C3, 3227, 1}, {0x2F9C4, 3228, 1},
    {0x2F9C5, 3229, 1}, {0x2F9C6, 3230, 1}, {0x2F9C7, 3231, 1},
    {0x2F9C8, 3232, 1}, {0x2F9C9, 3233, 1}, {0x2F9CA, 3234, 1},
    {0x2F9CB, 3235, 1}, {0x2F9CC, 3236, 1}, {0x2F9CD, 3237, 1},
    {0x2F9CE, 3238, 1}, {0x2F9CF, 3239, 1}, {0x2F9D0, 2639, 1},
    {0x2F9D1, 2640, 1}, {0x2F9D2, 3240, 1}, {0x2F9D3, 3241, 1},
    {0x2F9D4, 3242, 1}, {0x2F9D5, 3243, 1}, {0x2F9D6, 3244, 1},
    {0x2F9D7, 3245, 1}, {0x2F9D8, 3246, 1}, {0x2F9D9, 3247, 1},
    {0x2F9DA, 3248, 1}, {0x2F9DB, 3249, 1}, {0x2F9DC, 3250, 1},
    {0x2F9DD, 3251, 1}, {0x2F9DE, 3252, 1}, {0x2F9DF, 2641, 1},
    {0x2F9E0, 3253, 1}, {0x2F9E1, 3254, 1}, {0x2F9E2, 3255, 1},
    {0x2F9E3, 3256, 1}, {0x2F9E4, 3257, 1}, {0x2F9E5, 3258, 1},
    {0x2F9E6, 3259, 1}, {0x2F9E7, 3260, 1}, {0x2F9E8, 3261, 1},
    {0x2F9E9, 3262, 1}, {0x2F9EA, 3263, 1}, {0x2F9EB, 3264, 1},
    {0x2F9EC, 3265, 1}, {0x2F9ED, 3266, 1}, {0x2F9EE, 3267, 1},
    {0x2F9EF, 3268, 1}, {0x2F9F0, 3269, 1}, {0x2F9F1, 3270, 1},
    {0x2F9F2, 3271, 1}, {0x2F9F3, 3272, 1}, {0x2F9F4, 3273, 1},
    {0x2F9F5, 3274, 1}, {0x2F9F6, 3275, 1}, {0x2F9F7, 3276, 1},
    {0x2F9F8, 3277, 1}, {0x2F9F9, 3278, 1}, {0x2F9FA, 3279, 1},
    {0x2F9FB, 3280, 1}, {0x2F9FC, 3281, 1}, {0x2F9FD, 3282, 1},
    {0x2F9FE, 2647, 1}, {0x2F9FF, 2647, 1}, {0x2FA00, 3283, 1},
    {0x2FA01, 3284, 1}, {0x2FA02, 3285, 1}, {0x2FA03, 3286, 1},
    {0x2FA04, 3287, 1}, {0x2FA05, 3288, 1}, {0x2FA06, 3289, 1},
    {0x2FA07, 3290, 1}, {0x2FA08, 3291, 1}, {0x2FA09, 3292, 1},
    {0x2FA0A, 2648, 1}, {0x2FA0B, 3293, 1}, {0x2FA0C, 3294, 1},
    {0x2FA0D, 3295, 1}, {0x2FA0E, 3296, 1}, {0x2FA0F, 3297, 1},
    {0x2FA10, 3298, 1}, {0x2FA11, 3299, 1}, {0x2FA12, 3300, 1},
    {0x2FA13, 3301, 1}, {0x2FA14, 3302, 1}, {0x2FA15, 3303, 1},
    {0x2FA16, 3304, 1}, {0x2FA17, 3305, 1}, {0x2FA18, 3306, 1},
    {0x2FA19, 3307, 1}, {0x2FA1A, 3308, 1}, {0x2FA1B, 3309, 1},
    {0x2FA1C, 3310, 1}, {0x2FA1D, 3311, 1},
};

// key = (uint64_t(starter) << 32) | combining
constexpr CompEntry kCompEntries[] = {
    {0x3C00000338, 0x226E}, {0x3D00000338, 0x2260}, {0x3E00000338, 0x226F},
    {0x4100000300, 0xC0}, {0x4100000301, 0xC1}, {0x4100000302, 0xC2},
    {0x4100000303, 0xC3}, {0x4100000304, 0x100}, {0x4100000306, 0x102},
    {0x4100000307, 0x226}, {0x4100000308, 0xC4}, {0x4100000309, 0x1EA2},
    {0x410000030A, 0xC5}, {0x410000030C, 0x1CD}, {0x410000030F, 0x200},
    {0x4100000311, 0x202}, {0x4100000323, 0x1EA0}, {0x4100000325, 0x1E00},
    {0x4100000328, 0x104}, {0x4200000307, 0x1E02}, {0x4200000323, 0x1E04},
    {0x4200000331, 0x1E06}, {0x4300000301, 0x106}, {0x4300000302, 0x108},
    {0x4300000307, 0x10A}, {0x430000030C, 0x10C}, {0x4300000327, 0xC7},
    {0x4400000307, 0x1E0A}, {0x440000030C, 0x10E}, {0x4400000323, 0x1E0C},
    {0x4400000327, 0x1E10}, {0x440000032D, 0x1E12}, {0x4400000331, 0x1E0E},
    {0x4500000300, 0xC8}, {0x4500000301, 0xC9}, {0x4500000302, 0xCA},
    {0x4500000303, 0x1EBC}, {0x4500000304, 0x112}, {0x4500000306, 0x114},
    {0x4500000307, 0x116}, {0x4500000308, 0xCB}, {0x4500000309, 0x1EBA},
    {0x450000030C, 0x11A}, {0x450000030F, 0x204}, {0x4500000311, 0x206},
    {0x4500000323, 0x1EB8}, {0x4500000327, 0x228}, {0x4500000328, 0x118},
    {0x450000032D, 0x1E18}, {0x4500000330, 0x1E1A}, {0x4600000307, 0x1E1E},
    {0x4700000301, 0x1F4}, {0x4700000302, 0x11C}, {0x4700000304, 0x1E20},
    {0x4700000306, 0x11E}, {0x4700000307, 0x120}, {0x470000030C, 0x1E6},
    {0x4700000327, 0x122}, {0x4800000302, 0x124}, {0x4800000307, 0x1E22},
    {0x4800000308, 0x1E26}, {0x480000030C, 0x21E}, {0x4800000323, 0x1E24},
    {0x4800000327, 0x1E28}, {0x480000032E, 0x1E2A}, {0x4900000300, 0xCC},
    {0x4900000301, 0xCD}, {0x4900000302, 0xCE}, {0x4900000303, 0x128},
    {0x4900000304, 0x12A}, {0x4900000306, 0x12C}, {0x4900000307, 0x130},
    {0x4900000308, 0xCF}, {0x4900000309, 0x1EC8}, {0x490000030C, 0x1CF},
    {0x490000030F, 0x208}, {0x4900000311, 0x20A}, {0x4900000323, 0x1ECA},
    {0x4900000328, 0x12E}, {0x4900000330, 0x1E2C}, {0x4A00000302, 0x134},
    {0x4B00000301, 0x1E30}, {0x4B0000030C, 0x1E8}, {0x4B00000323, 0x1E32},
    {0x4B00000327, 0x136}, {0x4B00000331, 0x1E34}, {0x4C00000301, 0x139},
    {0x4C0000030C, 0x13D}, {0x4C00000323, 0x1E36}, {0x4C00000327, 0x13B},
    {0x4C0000032D, 0x1E3C}, {0x4C00000331, 0x1E3A}, {0x4D00000301, 0x1E3E},
    {0x4D00000307, 0x1E40}, {0x4D00000323, 0x1E42}, {0x4E00000300, 0x1F8},
    {0x4E00000301, 0x143}, {0x4E00000303, 0xD1}, {0x4E00000307, 0x1E44},
    {0x4E0000030C, 0x147}, {0x4E00000323, 0x1E46}, {0x4E00000327, 0x145},
    {0x4E0000032D, 0x1E4A}, {0x4E00000331, 0x1E48}, {0x4F00000300, 0xD2},
    {0x4F00000301, 0xD3}, {0x4F00000302, 0xD4}, {0x4F00000303, 0xD5},
    {0x4F00000304, 0x14C}, {0x4F00000306, 0x14E}, {0x4F00000307, 0x22E},
    {0x4F00000308, 0xD6}, {0x4F00000309, 0x1ECE}, {0x4F0000030B, 0x150},
    {0x4F0000030C, 0x1D1}, {0x4F0000030F, 0x20C}, {0x4F00000311, 0x20E},
    {0x4F0000031B, 0x1A0}, {0x4F00000323, 0x1ECC}, {0x4F00000328, 0x1EA},
    {0x5000000301, 0x1E54}, {0x5000000307, 0x1E56}, {0x5200000301, 0x154},
    {0x5200000307, 0x1E58}, {0x520000030C, 0x158}, {0x520000030F, 0x210},
    {0x5200000311, 0x212}, {0x5200000323, 0x1E5A}, {0x5200000327, 0x156},
    {0x5200000331, 0x1E5E}, {0x5300000301, 0x15A}, {0x5300000302, 0x15C},
    {0x5300000307, 0x1E60}, {0x530000030C, 0x160}, {0x5300000323, 0x1E62},
    {0x5300000326, 0x218}, {0x5300000327, 0x15E}, {0x5400000307, 0x1E6A},
    {0x540000030C, 0x164}, {0x5400000323, 0x1E6C}, {0x5400000326, 0x21A},
    {0x5400000327, 0x162}, {0x540000032D, 0x1E70}, {0x5400000331, 0x1E6E},
    {0x5500000300, 0xD9}, {0x5500000301, 0xDA}, {0x5500000302, 0xDB},
    {0x5500000303, 0x168}, {0x5500000304, 0x16A}, {0x5500000306, 0x16C},
    {0x5500000308, 0xDC}, {0x5500000309, 0x1EE6}, {0x550000030A, 0x16E},
    {0x550000030B, 0x170}, {0x550000030C, 0x1D3}, {0x550000030F, 0x214},
    {0x5500000311, 0x216}, {0x550000031B, 0x1AF}, {0x5500000323, 0x1EE4},
    {0x5500000324, 0x1E72}, {0x5500000328, 0x172}, {0x550000032D, 0x1E76},
    {0x5500000330, 0x1E74}, {0x5600000303, 0x1E7C}, {0x5600000323, 0x1E7E},
    {0x5700000300, 0x1E80}, {0x5700000301, 0x1E82}, {0x5700000302, 0x174},
    {0x5700000307, 0x1E86}, {0x5700000308, 0x1E84}, {0x5700000323, 0x1E88},
    {0x5800000307, 0x1E8A}, {0x5800000308, 0x1E8C}, {0x5900000300, 0x1EF2},
    {0x5900000301, 0xDD}, {0x5900000302, 0x176}, {0x5900000303, 0x1EF8},
    {0x5900000304, 0x232}, {0x5900000307, 0x1E8E}, {0x5900000308, 0x178},
    {0x5900000309, 0x1EF6}, {0x5900000323, 0x1EF4}, {0x5A00000301, 0x179},
    {0x5A00000302, 0x1E90}, {0x5A00000307, 0x17B}, {0x5A0000030C, 0x17D},
    {0x5A00000323, 0x1E92}, {0x5A00000331, 0x1E94}, {0x6100000300, 0xE0},
    {0x6100000301, 0xE1}, {0x6100000302, 0xE2}, {0x6100000303, 0xE3},
    {0x6100000304, 0x101}, {0x6100000306, 0x103}, {0x6100000307, 0x227},
    {0x6100000308, 0xE4}, {0x6100000309, 0x1EA3}, {0x610000030A, 0xE5},
    {0x610000030C, 0x1CE}, {0x610000030F, 0x201}, {0x6100000311, 0x203},
    {0x6100000323, 0x1EA1}, {0x6100000325, 0x1E01}, {0x6100000328, 0x105},
    {0x6200000307, 0x1E03}, {0x6200000323, 0x1E05}, {0x6200000331, 0x1E07},
    {0x6300000301, 0x107}, {0x6300000302, 0x109}, {0x6300000307, 0x10B},
    {0x630000030C, 0x10D}, {0x6300000327, 0xE7}, {0x6400000307, 0x1E0B},
    {0x640000030C, 0x10F}, {0x6400000323, 0x1E0D}, {0x6400000327, 0x1E11},
    {0x640000032D, 0x1E13}, {0x6400000331, 0x1E0F}, {0x6500000300, 0xE8},
    {0x6500000301, 0xE9}, {0x6500000302, 0xEA}, {0x6500000303, 0x1EBD},
    {0x6500000304, 0x113}, {0x6500000306, 0x115}, {0x6500000307, 0x117},
    {0x6500000308, 0xEB}, {0x6500000309, 0x1EBB}, {0x650000030C, 0x11B},
    {0x650000030F, 0x205}, {0x6500000311, 0x207}, {0x6500000323, 0x1EB9},
    {0x6500000327, 0x229}, {0x6500000328, 0x119}, {0x650000032D, 0x1E19},
    {0x6500000330, 0x1E1B}, {0x6600000307, 0x1E1F}, {0x6700000301, 0x1F5},
    {0x6700000302, 0x11D}, {0x6700000304, 0x1E21}, {0x6700000306, 0x11F},
    {0x6700000307, 0x121}, {0x670000030C, 0x1E7}, {0x6700000327, 0x123},
    {0x6800000302, 0x125}, {0x6800000307, 0x1E23}, {0x6800000308, 0x1E27},
    {0x680000030C, 0x21F}, {0x6800000323, 0x1E25}, {0x6800000327, 0x1E29},
    {0x680000032E, 0x1E2B}, {0x6800000331, 0x1E96}, {0x6900000300, 0xEC},
    {0x6900000301, 0xED}, {0x6900000302, 0xEE}, {0x6900000303, 0x129},
    {0x6900000304, 0x12B}, {0x6900000306, 0x12D}, {0x6900000308, 0xEF},
    {0x6900000309, 0x1EC9}, {0x690000030C, 0x1D0}, {0x690000030F, 0x209},
    {0x6900000311, 0x20B}, {0x6900000323, 0x1ECB}, {0x6900000328, 0x12F},
    {0x6900000330, 0x1E2D}, {0x6A00000302, 0x135}, {0x6A0000030C, 0x1F0},
    {0x6B00000301, 0x1E31}, {0x6B0000030C, 0x1E9}, {0x6B00000323, 0x1E33},
    {0x6B00000327, 0x137}, {0x6B00000331, 0x1E35}, {0x6C00000301, 0x13A},
    {0x6C0000030C, 0x13E}, {0x6C00000323, 0x1E37}, {0x6C00000327, 0x13C},
    {0x6C0000032D, 0x1E3D}, {0x6C00000331, 0x1E3B}, {0x6D00000301, 0x1E3F},
    {0x6D00000307, 0x1E41}, {0x6D00000323, 0x1E43}, {0x6E00000300, 0x1F9},
    {0x6E00000301, 0x144}, {0x6E00000303, 0xF1}, {0x6E00000307, 0x1E45},
    {0x6E0000030C, 0x148}, {0x6E00000323, 0x1E47}, {0x6E00000327, 0x146},
    {0x6E0000032D, 0x1E4B}, {0x6E00000331, 0x1E49}, {0x6F00000300, 0xF2},
    {0x6F00000301, 0xF3}, {0x6F00000302, 0xF4}, {0x6F00000303, 0xF5},
    {0x6F00000304, 0x14D}, {0x6F00000306, 0x14F}, {0x6F00000307, 0x22F},
    {0x6F00000308, 0xF6}, {0x6F00000309, 0x1ECF}, {0x6F0000030B, 0x151},
    {0x6F0000030C, 0x1D2}, {0x6F0000030F, 0x20D}, {0x6F00000311, 0x20F},
    {0x6F0000031B, 0x1A1}, {0x6F00000323, 0x1ECD}, {0x6F00000328, 0x1EB},
    {0x7000000301, 0x1E55}, {0x7000000307, 0x1E57}, {0x7200000301, 0x155},
    {0x7200000307, 0x1E59}, {0x720000030C, 0x159}, {0x720000030F, 0x211},
    {0x7200000311, 0x213}, {0x7200000323, 0x1E5B}, {0x7200000327, 0x157},
    {0x7200000331, 0x1E5F}, {0x7300000301, 0x15B}, {0x7300000302, 0x15D},
    {0x7300000307, 0x1E61}, {0x730000030C, 0x161}, {0x7300000323, 0x1E63},
    {0x7300000326, 0x219}, {0x7300000327, 0x15F}, {0x7400000307, 0x1E6B},
    {0x7400000308, 0x1E97}, {0x740000030C, 0x165}, {0x7400000323, 0x1E6D},
    {0x7400000326, 0x21B}, {0x7400000327, 0x163}, {0x740000032D, 0x1E71},
    {0x7400000331, 0x1E6F}, {0x7500000300, 0xF9}, {0x7500000301, 0xFA},
    {0x7500000302, 0xFB}, {0x7500000303, 0x169}, {0x7500000304, 0x16B},
    {0x7500000306, 0x16D}, {0x7500000308, 0xFC}, {0x7500000309, 0x1EE7},
    {0x750000030A, 0x16F}, {0x750000030B, 0x171}, {0x750000030C, 0x1D4},
    {0x750000030F, 0x215}, {0x7500000311, 0x217}, {0x750000031B, 0x1B0},
    {0x7500000323, 0x1EE5}, {0x7500000324, 0x1E73}, {0x7500000328, 0x173},
    {0x750000032D, 0x1E77}, {0x7500000330, 0x1E75}, {0x7600000303, 0x1E7D},
    {0x7600000323, 0x1E7F}, {0x7700000300, 0x1E81}, {0x7700000301, 0x1E83},
    {0x7700000302, 0x175}, {0x7700000307, 0x1E87}, {0x7700000308, 0x1E85},
    {0x770000030A, 0x1E98}, {0x7700000323, 0x1E89}, {0x7800000307, 0x1E8B},
    {0x7800000308, 0x1E8D}, {0x7900000300, 0x1EF3}, {0x7900000301, 0xFD},
    {0x7900000302, 0x177}, {0x7900000303, 0x1EF9}, {0x7900000304, 0x233},
    {0x7900000307, 0x1E8F}, {0x7900000308, 0xFF}, {0x7900000309, 0x1EF7},
    {0x790000030A, 0x1E99}, {0x7900000323, 0x1EF5}, {0x7A00000301, 0x17A},
    {0x7A00000302, 0x1E91}, {0x7A00000307, 0x17C}, {0x7A0000030C, 0x17E},
    {0x7A00000323, 0x1E93}, {0x7A00000331, 0x1E95}, {0xA800000300, 0x1FED},
    {0xA800000301, 0x385}, {0xA800000342, 0x1FC1}, {0xC200000300, 0x1EA6},
    {0xC200000301, 0x1EA4}, {0xC200000303, 0x1EAA}, {0xC200000309, 0x1EA8},
    {0xC400000304, 0x1DE}, {0xC500000301, 0x1FA}, {0xC600000301, 0x1FC},
    {0xC600000304, 0x1E2}, {0xC700000301, 0x1E08}, {0xCA00000300, 0x1EC0},
    {0xCA00000301, 0x1EBE}, {0xCA00000303, 0x1EC4}, {0xCA00000309, 0x1EC2},
    {0xCF00000301, 0x1E2E}, {0xD400000300, 0x1ED2}, {0xD400000301, 0x1ED0},
    {0xD400000303, 0x1ED6}, {0xD400000309, 0x1ED4}, {0xD500000301, 0x1E4C},
    {0xD500000304, 0x22C}, {0xD500000308, 0x1E4E}, {0xD600000304, 0x22A},
    {0xD800000301, 0x1FE}, {0xDC00000300, 0x1DB}, {0xDC00000301, 0x1D7},
    {0xDC00000304, 0x1D5}, {0xDC0000030C, 0x1D9}, {0xE200000300, 0x1EA7},
    {0xE200000301, 0x1EA5}, {0xE200000303, 0x1EAB}, {0xE200000309, 0x1EA9},
    {0xE400000304, 0x1DF}, {0xE500000301, 0x1FB}, {0xE600000301, 0x1FD},
    {0xE600000304, 0x1E3}, {0xE700000301, 0x1E09}, {0xEA00000300, 0x1EC1},
    {0xEA00000301, 0x1EBF}, {0xEA00000303, 0x1EC5}, {0xEA00000309, 0x1EC3},
    {0xEF00000301, 0x1E2F}, {0xF400000300, 0x1ED3}, {0xF400000301, 0x1ED1},
    {0xF400000303, 0x1ED7}, {0xF400000309, 0x1ED5}, {0xF500000301, 0x1E4D},
    {0xF500000304, 0x22D}, {0xF500000308, 0x1E4F}, {0xF600000304, 0x22B},
    {0xF800000301, 0x1FF}, {0xFC00000300, 0x1DC}, {0xFC00000301, 0x1D8},
    {0xFC00000304, 0x1D6}, {0xFC0000030C, 0x1DA}, {0x10200000300, 0x1EB0},
    {0x10200000301, 0x1EAE}, {0x10200000303, 0x1EB4}, {0x10200000309, 0x1EB2},
    {0x10300000300, 0x1EB1}, {0x10300000301, 0x1EAF}, {0x10300000303, 0x1EB5},
    {0x10300000309, 0x1EB3}, {0x11200000300, 0x1E14}, {0x11200000301, 0x1E16},
    {0x11300000300, 0x1E15}, {0x11300000301, 0x1E17}, {0x14C00000300, 0x1E50},
    {0x14C00000301, 0x1E52}, {0x14D00000300, 0x1E51}, {0x14D00000301, 0x1E53},
    {0x15A00000307, 0x1E64}, {0x15B00000307, 0x1E65}, {0x16000000307, 0x1E66},
    {0x16100000307, 0x1E67}, {0x16800000301, 0x1E78}, {0x16900000301, 0x1E79},
    {0x16A00000308, 0x1E7A}, {0x16B00000308, 0x1E7B}, {0x17F00000307, 0x1E9B},
    {0x1A000000300, 0x1EDC}, {0x1A000000301, 0x1EDA}, {0x1A000000303, 0x1EE0},
    {0x1A000000309, 0x1EDE}, {0x1A000000323, 0x1EE2}, {0x1A100000300, 0x1EDD},
    {0x1A100000301, 0x1EDB}, {0x1A100000303, 0x1EE1}, {0x1A100000309, 0x1EDF},
    {0x1A100000323, 0x1EE3}, {0x1AF00000300, 0x1EEA}, {0x1AF00000301, 0x1EE8},
    {0x1AF00000303, 0x1EEE}, {0x1AF00000309, 0x1EEC}, {0x1AF00000323, 0x1EF0},
    {0x1B000000300, 0x1EEB}, {0x1B000000301, 0x1EE9}, {0x1B000000303, 0x1EEF},
    {0x1B000000309, 0x1EED}, {0x1B000000323, 0x1EF1}, {0x1B70000030C, 0x1EE},
    {0x1EA00000304, 0x1EC}, {0x1EB00000304, 0x1ED}, {0x22600000304, 0x1E0},
    {0x22700000304, 0x1E1}, {0x22800000306, 0x1E1C}, {0x22900000306, 0x1E1D},
    {0x22E00000304, 0x230}, {0x22F00000304, 0x231}, {0x2920000030C, 0x1EF},
    {0x39100000300, 0x1FBA}, {0x39100000301, 0x386}, {0x39100000304, 0x1FB9},
    {0x39100000306, 0x1FB8}, {0x39100000313, 0x1F08}, {0x39100000314, 0x1F09},
    {0x39100000345, 0x1FBC}, {0x39500000300, 0x1FC8}, {0x39500000301, 0x388},
    {0x39500000313, 0x1F18}, {0x39500000314, 0x1F19}, {0x39700000300, 0x1FCA},
    {0x39700000301, 0x389}, {0x39700000313, 0x1F28}, {0x39700000314, 0x1F29},
    {0x39700000345, 0x1FCC}, {0x39900000300, 0x1FDA}, {0x39900000301, 0x38A},
    {0x39900000304, 0x1FD9}, {0x39900000306, 0x1FD8}, {0x39900000308, 0x3AA},
    {0x39900000313, 0x1F38}, {0x39900000314, 0x1F39}, {0x39F00000300, 0x1FF8},
    {0x39F00000301, 0x38C}, {0x39F00000313, 0x1F48}, {0x39F00000314, 0x1F49},
    {0x3A100000314, 0x1FEC}, {0x3A500000300, 0x1FEA}, {0x3A500000301, 0x38E},
    {0x3A500000304, 0x1FE9}, {0x3A500000306, 0x1FE8}, {0x3A500000308, 0x3AB},
    {0x3A500000314, 0x1F59}, {0x3A900000300, 0x1FFA}, {0x3A900000301, 0x38F},
    {0x3A900000313, 0x1F68}, {0x3A900000314, 0x1F69}, {0x3A900000345, 0x1FFC},
    {0x3AC00000345, 0x1FB4}, {0x3AE00000345, 0x1FC4}, {0x3B100000300, 0x1F70},
    {0x3B100000301, 0x3AC}, {0x3B100000304, 0x1FB1}, {0x3B100000306, 0x1FB0},
    {0x3B100000313, 0x1F00}, {0x3B100000314, 0x1F01}, {0x3B100000342, 0x1FB6},
    {0x3B100000345, 0x1FB3}, {0x3B500000300, 0x1F72}, {0x3B500000301, 0x3AD},
    {0x3B500000313, 0x1F10}, {0x3B500000314, 0x1F11}, {0x3B700000300, 0x1F74},
    {0x3B700000301, 0x3AE}, {0x3B700000313, 0x1F20}, {0x3B700000314, 0x1F21},
    {0x3B700000342, 0x1FC6}, {0x3B700000345, 0x1FC3}, {0x3B900000300, 0x1F76},
    {0x3B900000301, 0x3AF}, {0x3B900000304, 0x1FD1}, {0x3B900000306, 0x1FD0},
    {0x3B900000308, 0x3CA}, {0x3B900000313, 0x1F30}, {0x3B900000314, 0x1F31},
    {0x3B900000342, 0x1FD6}, {0x3BF00000300, 0x1F78}, {0x3BF00000301, 0x3CC},
    {0x3BF00000313, 0x1F40}, {0x3BF00000314, 0x1F41}, {0x3C100000313, 0x1FE4},
    {0x3C100000314, 0x1FE5}, {0x3C500000300, 0x1F7A}, {0x3C500000301, 0x3CD},
    {0x3C500000304, 0x1FE1}, {0x3C500000306, 0x1FE0}, {0x3C500000308, 0x3CB},
    {0x3C500000313, 0x1F50}, {0x3C500000314, 0x1F51}, {0x3C500000342, 0x1FE6},
    {0x3C900000300, 0x1F7C}, {0x3C900000301, 0x3CE}, {0x3C900000313, 0x1F60},
    {0x3C900000314, 0x1F61}, {0x3C900000342, 0x1FF6}, {0x3C900000345, 0x1FF3},
    {0x3CA00000300, 0x1FD2}, {0x3CA00000301, 0x390}, {0x3CA00000342, 0x1FD7},
    {0x3CB00000300, 0x1FE2}, {0x3CB00000301, 0x3B0}, {0x3CB00000342, 0x1FE7},
    {0x3CE00000345, 0x1FF4}, {0x3D200000301, 0x3D3}, {0x3D200000308, 0x3D4},
    {0x40600000308, 0x407}, {0x41000000306, 0x4D0}, {0x41000000308, 0x4D2},
    {0x41300000301, 0x403}, {0x41500000300, 0x400}, {0x41500000306, 0x4D6},
    {0x41500000308, 0x401}, {0x41600000306, 0x4C1}, {0x41600000308, 0x4DC},
    {0x41700000308, 0x4DE}, {0x41800000300, 0x40D}, {0x41800000304, 0x4E2},
    {0x41800000306, 0x419}, {0x41800000308, 0x4E4}, {0x41A00000301, 0x40C},
    {0x41E00000308, 0x4E6}, {0x42300000304, 0x4EE}, {0x42300000306, 0x40E},
    {0x42300000308, 0x4F0}, {0x4230000030B, 0x4F2}, {0x42700000308, 0x4F4},
    {0x42B00000308, 0x4F8}, {0x42D00000308, 0x4EC}, {0x43000000306, 0x4D1},
    {0x43000000308, 0x4D3}, {0x43300000301, 0x453}, {0x43500000300, 0x450},
    {0x43500000306, 0x4D7}, {0x43500000308, 0x451}, {0x43600000306, 0x4C2},
    {0x43600000308, 0x4DD}, {0x43700000308, 0x4DF}, {0x43800000300, 0x45D},
    {0x43800000304, 0x4E3}, {0x43800000306, 0x439}, {0x43800000308, 0x4E5},
    {0x43A00000301, 0x45C}, {0x43E00000308, 0x4E7}, {0x44300000304, 0x4EF},
    {0x44300000306, 0x45E}, {0x44300000308, 0x4F1}, {0x4430000030B, 0x4F3},
    {0x44700000308, 0x4F5}, {0x44B00000308, 0x4F9}, {0x44D00000308, 0x4ED},
    {0x45600000308, 0x457}, {0x4740000030F, 0x476}, {0x4750000030F, 0x477},
    {0x4D800000308, 0x4DA}, {0x4D900000308, 0x4DB}, {0x4E800000308, 0x4EA},
    {0x4E900000308, 0x4EB}, {0x62700000653, 0x622}, {0x62700000654, 0x623},
    {0x62700000655, 0x625}, {0x64800000654, 0x624}, {0x64A00000654, 0x626},
    {0x6C100000654, 0x6C2}, {0x6D200000654, 0x6D3}, {0x6D500000654, 0x6C0},
    {0x9280000093C, 0x929}, {0x9300000093C, 0x931}, {0x9330000093C, 0x934},
    {0x9C7000009BE, 0x9CB}, {0x9C7000009D7, 0x9CC}, {0xB4700000B3E, 0xB4B},
    {0xB4700000B56, 0xB48}, {0xB4700000B57, 0xB4C}, {0xB9200000BD7, 0xB94},
    {0xBC600000BBE, 0xBCA}, {0xBC600000BD7, 0xBCC}, {0xBC700000BBE, 0xBCB},
    {0xC4600000C56, 0xC48}, {0xCBF00000CD5, 0xCC0}, {0xCC600000CC2, 0xCCA},
    {0xCC600000CD5, 0xCC7}, {0xCC600000CD6, 0xCC8}, {0xCCA00000CD5, 0xCCB},
    {0xD4600000D3E, 0xD4A}, {0xD4600000D57, 0xD4C}, {0xD4700000D3E, 0xD4B},
    {0xDD900000DCA, 0xDDA}, {0xDD900000DCF, 0xDDC}, {0xDD900000DDF, 0xDDE},
    {0xDDC00000DCA, 0xDDD}, {0x10250000102E, 0x1026}, {0x1B0500001B35, 0x1B06},
    {0x1B0700001B35, 0x1B08}, {0x1B0900001B35, 0x1B0A},
    {0x1B0B00001B35, 0x1B0C}, {0x1B0D00001B35, 0x1B0E},
    {0x1B1100001B35, 0x1B12}, {0x1B3A00001B35, 0x1B3B},
    {0x1B3C00001B35, 0x1B3D}, {0x1B3E00001B35, 0x1B40},
    {0x1B3F00001B35, 0x1B41}, {0x1B4200001B35, 0x1B43},
    {0x1E3600000304, 0x1E38}, {0x1E3700000304, 0x1E39},
    {0x1E5A00000304, 0x1E5C}, {0x1E5B00000304, 0x1E5D},
    {0x1E6200000307, 0x1E68}, {0x1E6300000307, 0x1E69},
    {0x1EA000000302, 0x1EAC}, {0x1EA000000306, 0x1EB6},
    {0x1EA100000302, 0x1EAD}, {0x1EA100000306, 0x1EB7},
    {0x1EB800000302, 0x1EC6}, {0x1EB900000302, 0x1EC7},
    {0x1ECC00000302, 0x1ED8}, {0x1ECD00000302, 0x1ED9},
    {0x1F0000000300, 0x1F02}, {0x1F0000000301, 0x1F04},
    {0x1F0000000342, 0x1F06}, {0x1F0000000345, 0x1F80},
    {0x1F0100000300, 0x1F03}, {0x1F0100000301, 0x1F05},
    {0x1F0100000342, 0x1F07}, {0x1F0100000345, 0x1F81},
    {0x1F0200000345, 0x1F82}, {0x1F0300000345, 0x1F83},
    {0x1F0400000345, 0x1F84}, {0x1F0500000345, 0x1F85},
    {0x1F0600000345, 0x1F86}, {0x1F0700000345, 0x1F87},
    {0x1F0800000300, 0x1F0A}, {0x1F0800000301, 0x1F0C},
    {0x1F0800000342, 0x1F0E}, {0x1F0800000345, 0x1F88},
    {0x1F0900000300, 0x1F0B}, {0x1F0900000301, 0x1F0D},
    {0x1F0900000342, 0x1F0F}, {0x1F0900000345, 0x1F89},
    {0x1F0A00000345, 0x1F8A}, {0x1F0B00000345, 0x1F8B},
    {0x1F0C00000345, 0x1F8C}, {0x1F0D00000345, 0x1F8D},
    {0x1F0E00000345, 0x1F8E}, {0x1F0F00000345, 0x1F8F},
    {0x1F1000000300, 0x1F12}, {0x1F1000000301, 0x1F14},
    {0x1F1100000300, 0x1F13}, {0x1F1100000301, 0x1F15},
    {0x1F1800000300, 0x1F1A}, {0x1F1800000301, 0x1F1C},
    {0x1F1900000300, 0x1F1B}, {0x1F1900000301, 0x1F1D},
    {0x1F2000000300, 0x1F22}, {0x1F2000000301, 0x1F24},
    {0x1F2000000342, 0x1F26}, {0x1F2000000345, 0x1F90},
    {0x1F2100000300, 0x1F23}, {0x1F2100000301, 0x1F25},
    {0x1F2100000342, 0x1F27}, {0x1F2100000345, 0x1F91},
    {0x1F2200000345, 0x1F92}, {0x1F2300000345, 0x1F93},
    {0x1F2400000345, 0x1F94}, {0x1F2500000345, 0x1F95},
    {0x1F2600000345, 0x1F96}, {0x1F2700000345, 0x1F97},
    {0x1F2800000300, 0x1F2A}, {0x1F2800000301, 0x1F2C},
    {0x1F2800000342, 0x1F2E}, {0x1F2800000345, 0x1F98},
    {0x1F2900000300, 0x1F2B}, {0x1F2900000301, 0x1F2D},
    {0x1F2900000342, 0x1F2F}, {0x1F2900000345, 0x1F99},
    {0x1F2A00000345, 0x1F9A}, {0x1F2B00000345, 0x1F9B},
    {0x1F2C00000345, 0x1F9C}, {0x1F2D00000345, 0x1F9D},
    {0x1F2E00000345, 0x1F9E}, {0x1F2F00000345, 0x1F9F},
    {0x1F3000000300, 0x1F32}, {0x1F3000000301, 0x1F34},
    {0x1F3000000342, 0x1F36}, {0x1F3100000300, 0x1F33},
    {0x1F3100000301, 0x1F35}, {0x1F3100000342, 0x1F37},
    {0x1F3800000300, 0x1F3A}, {0x1F3800000301, 0x1F3C},
    {0x1F3800000342, 0x1F3E}, {0x1F3900000300, 0x1F3B},
    {0x1F3900000301, 0x1F3D}, {0x1F3900000342, 0x1F3F},
    {0x1F4000000300, 0x1F42}, {0x1F4000000301, 0x1F44},
    {0x1F4100000300, 0x1F43}, {0x1F4100000301, 0x1F45},
    {0x1F4800000300, 0x1F4A}, {0x1F4800000301, 0x1F4C},
    {0x1F4900000300, 0x1F4B}, {0x1F4900000301, 0x1F4D},
    {0x1F5000000300, 0x1F52}, {0x1F5000000301, 0x1F54},
    {0x1F5000000342, 0x1F56}, {0x1F5100000300, 0x1F53},
    {0x1F5100000301, 0x1F55}, {0x1F5100000342, 0x1F57},
    {0x1F5900000300, 0x1F5B}, {0x1F5900000301, 0x1F5D},
    {0x1F5900000342, 0x1F5F}, {0x1F6000000300, 0x1F62},
    {0x1F6000000301, 0x1F64}, {0x1F6000000342, 0x1F66},
    {0x1F6000000345, 0x1FA0}, {0x1F6100000300, 0x1F63},
    {0x1F6100000301, 0x1F65}, {0x1F6100000342, 0x1F67},
    {0x1F6100000345, 0x1FA1}, {0x1F6200000345, 0x1FA2},
    {0x1F6300000345, 0x1FA3}, {0x1F6400000345, 0x1FA4},
    {0x1F6500000345, 0x1FA5}, {0x1F6600000345, 0x1FA6},
    {0x1F6700000345, 0x1FA7}, {0x1F6800000300, 0x1F6A},
    {0x1F6800000301, 0x1F6C}, {0x1F6800000342, 0x1F6E},
    {0x1F6800000345, 0x1FA8}, {0x1F6900000300, 0x1F6B},
    {0x1F6900000301, 0x1F6D}, {0x1F6900000342, 0x1F6F},
    {0x1F6900000345, 0x1FA9}, {0x1F6A00000345, 0x1FAA},
    {0x1F6B00000345, 0x1FAB}, {0x1F6C00000345, 0x1FAC},
    {0x1F6D00000345, 0x1FAD}, {0x1F6E00000345, 0x1FAE},
    {0x1F6F00000345, 0x1FAF}, {0x1F7000000345, 0x1FB2},
    {0x1F7400000345, 0x1FC2}, {0x1F7C00000345, 0x1FF2},
    {0x1FB600000345, 0x1FB7}, {0x1FBF00000300, 0x1FCD},
    {0x1FBF00000301, 0x1FCE}, {0x1FBF00000342, 0x1FCF},
    {0x1FC600000345, 0x1FC7}, {0x1FF600000345, 0x1FF7},
    {0x1FFE00000300, 0x1FDD}, {0x1FFE00000301, 0x1FDE},
    {0x1FFE00000342, 0x1FDF}, {0x219000000338, 0x219A},
    {0x219200000338, 0x219B}, {0x219400000338, 0x21AE},
    {0x21D000000338, 0x21CD}, {0x21D200000338, 0x21CF},
    {0x21D400000338, 0x21CE}, {0x220300000338, 0x2204},
    {0x220800000338, 0x2209}, {0x220B00000338, 0x220C},
    {0x222300000338, 0x2224}, {0x222500000338, 0x2226},
    {0x223C00000338, 0x2241}, {0x224300000338, 0x2244},
    {0x224500000338, 0x2247}, {0x224800000338, 0x2249},
    {0x224D00000338, 0x226D}, {0x226100000338, 0x2262},
    {0x226400000338, 0x2270}, {0x226500000338, 0x2271},
    {0x227200000338, 0x2274}, {0x227300000338, 0x2275},
    {0x227600000338, 0x2278}, {0x227700000338, 0x2279},
    {0x227A00000338, 0x2280}, {0x227B00000338, 0x2281},
    {0x227C00000338, 0x22E0}, {0x227D00000338, 0x22E1},
    {0x228200000338, 0x2284}, {0x228300000338, 0x2285},
    {0x228600000338, 0x2288}, {0x228700000338, 0x2289},
    {0x229100000338, 0x22E2}, {0x229200000338, 0x22E3},
    {0x22A200000338, 0x22AC}, {0x22A800000338, 0x22AD},
    {0x22A900000338, 0x22AE}, {0x22AB00000338, 0x22AF},
    {0x22B200000338, 0x22EA}, {0x22B300000338, 0x22EB},
    {0x22B400000338, 0x22EC}, {0x22B500000338, 0x22ED},
    {0x304600003099, 0x3094}, {0x304B00003099, 0x304C},
    {0x304D00003099, 0x304E}, {0x304F00003099, 0x3050},
    {0x305100003099, 0x3052}, {0x305300003099, 0x3054},
    {0x305500003099, 0x3056}, {0x305700003099, 0x3058},
    {0x305900003099, 0x305A}, {0x305B00003099, 0x305C},
    {0x305D00003099, 0x305E}, {0x305F00003099, 0x3060},
    {0x306100003099, 0x3062}, {0x306400003099, 0x3065},
    {0x306600003099, 0x3067}, {0x306800003099, 0x3069},
    {0x306F00003099, 0x3070}, {0x306F0000309A, 0x3071},
    {0x307200003099, 0x3073}, {0x30720000309A, 0x3074},
    {0x307500003099, 0x3076}, {0x30750000309A, 0x3077},
    {0x307800003099, 0x3079}, {0x30780000309A, 0x307A},
    {0x307B00003099, 0x307C}, {0x307B0000309A, 0x307D},
    {0x309D00003099, 0x309E}, {0x30A600003099, 0x30F4},
    {0x30AB00003099, 0x30AC}, {0x30AD00003099, 0x30AE},
    {0x30AF00003099, 0x30B0}, {0x30B100003099, 0x30B2},
    {0x30B300003099, 0x30B4}, {0x30B500003099, 0x30B6},
    {0x30B700003099, 0x30B8}, {0x30B900003099, 0x30BA},
    {0x30BB00003099, 0x30BC}, {0x30BD00003099, 0x30BE},
    {0x30BF00003099, 0x30C0}, {0x30C100003099, 0x30C2},
    {0x30C400003099, 0x30C5}, {0x30C600003099, 0x30C7},
    {0x30C800003099, 0x30C9}, {0x30CF00003099, 0x30D0},
    {0x30CF0000309A, 0x30D1}, {0x30D200003099, 0x30D3},
    {0x30D20000309A, 0x30D4}, {0x30D500003099, 0x30D6},
    {0x30D50000309A, 0x30D7}, {0x30D800003099, 0x30D9},
    {0x30D80000309A, 0x30DA}, {0x30DB00003099, 0x30DC},
    {0x30DB0000309A, 0x30DD}, {0x30EF00003099, 0x30F7},
    {0x30F000003099, 0x30F8}, {0x30F100003099, 0x30F9},
    {0x30F200003099, 0x30FA}, {0x30FD00003099, 0x30FE},
    {0x105D200000307, 0x105C9}, {0x105DA00000307, 0x105E4},
    {0x11099000110BA, 0x1109A}, {0x1109B000110BA, 0x1109C},
    {0x110A5000110BA, 0x110AB}, {0x1113100011127, 0x1112E},
    {0x1113200011127, 0x1112F}, {0x113470001133E, 0x1134B},
    {0x1134700011357, 0x1134C}, {0x11382000113C9, 0x11383},
    {0x11384000113BB, 0x11385}, {0x1138B000113C2, 0x1138E},
    {0x11390000113C9, 0x11391}, {0x113C2000113B8, 0x113C7},
    {0x113C2000113C2, 0x113C5}, {0x113C2000113C9, 0x113C8},
    {0x114B9000114B0, 0x114BC}, {0x114B9000114BA, 0x114BB},
    {0x114B9000114BD, 0x114BE}, {0x115B8000115AF, 0x115BA},
    {0x115B9000115AF, 0x115BB}, {0x1193500011930, 0x11938},
    {0x1611E0001611E, 0x16121}, {0x1611E0001611F, 0x16123},
    {0x1611E00016120, 0x16125}, {0x1611E00016129, 0x16122},
    {0x161210001611F, 0x16126}, {0x1612100016120, 0x16128},
    {0x161220001611F, 0x16127}, {0x161290001611F, 0x16124},
    {0x16D6300016D67, 0x16D69}, {0x16D6700016D67, 0x16D68},
    {0x16D6900016D67, 0x16D6A},
};

// NOLINTEND(modernize-use-designated-initializers)
// clang-format on
